keys,_where,_size,_least,_width,_note,en,qps,pt_BR,es,de,fr,ja,zh_CN,ko,_back_pt_BR,_back_es,_back_de,_back_fr,_back_ja,_back_zh_CN,_back_ko
MENU_CONTINUE,menu.gd,20,13,196,"The main menu's doors, stacked under the logo.",Continue,[Çóñtíñúé·ëxtr],Continuar,Continuar,Weiter,Continuer,つづける,继续游戏,이어하기,Continue,Continue,Continue,Continue,Continue,Continue game,Continue
MENU_NEW,menu.gd,20,13,196,"The main menu's doors, stacked under the logo.",New game,[Ñéw gámé·ëxtr],Novo jogo,Nueva partida,Neues Spiel,Nouvelle partie,ニューゲーム,新游戏,새 게임,New game,New game,New game,New game,New game,New game,New game
MENU_SETTINGS,menu.gd,20,13,196,"The main menu's doors, stacked under the logo.",Settings,[Séttíñgs·ëxtr],Configurações,Ajustes,Einstellungen,Paramètres,設定,设置,설정,Settings,Settings,Settings,Settings,Settings,Settings,Settings
MENU_HOW,menu.gd,20,13,196,"The main menu's doors, stacked under the logo.",How to play,[Hów tó pláy·ëxtrà],Como jogar,Cómo jugar,Anleitung,Comment jouer,遊び方,玩法说明,플레이 방법,How to play,How to play,Instructions,How to play,How to play,How to play,How to play
MENU_CREDITS,menu.gd,20,13,196,"The main menu's doors, stacked under the logo.",Credits,[Çrédíts·ëxt],Créditos,Créditos,Credits,Crédits,クレジット,制作人员,크레딧,Credits,Credits,Credits,Credits,Credits,Staff credits,Credits
MENU_QUIT,menu.gd,20,13,196,"The main menu's doors, stacked under the logo.",Quit,[Qúít·ëx],Sair,Salir,Beenden,Quitter,終了,退出,종료,Exit,Exit,Quit,Quit,Quit,Quit,Quit
LANGUAGE_TITLE,language_board.gd,20,16,400,"The language board's title plank, opened from the flag on the main menu.",Language,[Láñgúágé·ëxtr],Idioma,Idioma,Sprache,Langue,言語,语言,언어,Language,Language,Language,Language,Language,Language,Language
CONFIRM_NEW_TITLE,menu_confirm.gd,20,16,358,,Start over?,[Stárt óvér?·ëxtrà],Recomeçar?,¿Empezar de nuevo?,Neu anfangen?,Recommencer ?,最初からやり直す？,重新开始？,처음부터 할까요?,Start again?,Start again?,Start anew?,Start again?,Start over from the beginning?,Restart?,Start from the beginning?
CONFIRM_NEW_WORDS,menu_confirm.gd,16,13,358,"One line, never wrapped.",The saved lake will be thrown away.,[Thé sávéd láké wíll bé thrówñ áwáy.·ëxtràlóngëxtrà],O lago salvo será apagado.,Se borrará el lago guardado.,Der gespeicherte See geht verloren.,Le lac sauvegardé sera effacé.,保存した湖は消えてしまいます。,已保存的湖将被删除。,저장된 호수가 사라져요.,The saved lake will be erased.,The saved lake will be erased.,The saved lake will be lost.,The saved lake will be erased.,The saved lake will disappear.,The saved lake will be deleted.,The saved lake disappears.
CONFIRM_NEW_YES,menu_confirm.gd,16,13,160,A button. Red: it deletes the save.,Start over,[Stárt óvér·ëxtr],Recomeçar,Empezar,Neu anfangen,Recommencer,やり直す,重新开始,다시 시작,Start again,Start,Start anew,Start again,Redo,Restart,Restart
CONFIRM_NEW_NO,menu_confirm.gd,16,13,160,,Keep it,[Kéép ít·ëxt],Manter,Conservar,Behalten,Garder,残す,保留,유지,Keep,Keep,Keep,Keep,Keep,Keep,Keep
SETTINGS_TITLE,settings_skin.gd,20,16,300,,Settings,[Séttíñgs·ëxtr],Configurações,Ajustes,Einstellungen,Paramètres,設定,设置,설정,Settings,Settings,Settings,Settings,Settings,Settings,Settings
SETTINGS_MASTER,settings_skin.gd,16,13,300,,Master,[Mástér·ëxt],Geral,General,Gesamt,Général,マスター,主音量,마스터,General,General,Overall,General,Master,Main volume,Master
SETTINGS_MUSIC,settings_skin.gd,16,13,300,,Music,[Músíç·ëx],Música,Música,Musik,Musique,音楽,音乐,음악,Music,Music,Music,Music,Music,Music,Music
SETTINGS_SFX,settings_skin.gd,16,13,300,,Sound effects,[Sóúñd éfféçts·ëxtràl],Efeitos sonoros,Efectos de sonido,Soundeffekte,Effets sonores,効果音,音效,효과음,Sound effects,Sound effects,Sound effects,Sound effects,Sound effects,Sound effects,Sound effects
SETTINGS_AMBIENCE,settings_skin.gd,16,13,300,,Ambience,[Ámbíéñçé·ëxtr],Ambiente,Ambiente,Atmosphäre,Ambiance,環境音,环境音,환경음,Ambience,Ambience,Atmosphere,Ambience,Ambient sound,Ambient sound,Ambient sound
SETTINGS_WINDOW,settings_skin.gd,16,13,170,,Window,[Wíñdów·ëxt],Janela,Ventana,Fenster,Fenêtre,ウィンドウ,窗口,창 모드,Window,Window,Window,Window,Window,Window,Window mode
SETTINGS_RESOLUTION,settings_skin.gd,16,13,170,,Resolution,[Résólútíóñ·ëxtr],Resolução,Resolución,Auflösung,Résolution,解像度,分辨率,해상도,Resolution,Resolution,Resolution,Resolution,Resolution,Resolution,Resolution
SETTINGS_VSYNC,settings_skin.gd,16,13,170,,VSync,[VSyñç·ëx],VSync,VSync,VSync,VSync,垂直同期,垂直同步,수직 동기화,VSync,VSync,VSync,VSync,Vertical sync,Vertical sync,Vertical sync
SETTINGS_FPS,settings_skin.gd,16,13,170,,Frame cap,[Frámé çáp·ëxtr],Limite FPS,Límite FPS,FPS-Limit,Limite FPS,FPS上限,帧率上限,프레임 제한,FPS limit,FPS limit,FPS limit,FPS limit,FPS limit,Frame rate limit,Frame limit
SETTINGS_GROUP_MIX,settings_skin.gd,13,11,300,"Heading over Music, Sound effects and Ambience.",Mix,[Míx·ëx],Mixagem,Mezcla,Mix,Mixage,音量,音量,음량,Mix,Mix,Mix,Mixing,Volume,Volume,Volume
SETTINGS_GROUP_SCREEN,settings_skin.gd,13,11,300,Heading over the display rows.,Screen,[Sçrééñ·ëxt],Tela,Pantalla,Bildschirm,Écran,画面,画面,화면,Screen,Screen,Screen,Screen,Screen,Screen,Screen
SETTINGS_CONTROLS,settings_skin.gd,16,13,380,Opens the key-binding board.,Controls,[Çóñtróls·ëxtr],Controles,Controles,Steuerung,Commandes,操作設定,操作设置,조작 설정,Controls,Controls,Controls,Controls,Control settings,Control settings,Control settings
SETTINGS_QUIT,settings_skin.gd,16,13,380,,Save and go to menu,[Sávé áñd gó tó méñú·ëxtràlón],Salvar e ir ao menu,Guardar e ir al menú,Speichern und zum Menü,Sauver et aller au menu,セーブしてタイトルへ,保存并返回菜单,저장하고 메뉴로,Save and go to menu,Save and go to menu,Save and to the menu,Save and go to the menu,Save and go to title,Save and return to menu,Save and to menu
SETTINGS_DEAD_SIZE,settings_skin.gd,13,13,140,Why Resolution cannot be changed in fullscreen. Dropped entirely if it does not fit.,set by Window,[sét by Wíñdów·ëxtràl],pela Janela,según Ventana,durch Fenster,selon Fenêtre,ウィンドウで決定,由窗口决定,창 모드에 따름,by Window,according to Window,by Window,according to Window,Decided by Window,Decided by window,Follows window mode
WINDOW_WINDOWED,settings_skin.gd,16,13,140,,Windowed,[Wíñdówéd·ëxtr],Janela,Ventana,Fenster,Fenêtré,ウィンドウ,窗口化,창 모드,Window,Window,Window,Windowed,Window,Windowed,Window mode
WINDOW_BORDERLESS,settings_skin.gd,16,13,140,,Borderless,[Bórdérléss·ëxtr],Sem borda,Sin bordes,Randlos,Sans bord,枠なし,无边框,테두리 없음,Borderless,Borderless,Borderless,Without border,No frame,Borderless,No border
WINDOW_EXCLUSIVE,settings_skin.gd,16,13,140,,Exclusive,[Éxçlúsívé·ëxtr],Exclusiva,Exclusiva,Exklusiv,Exclusif,全画面,独占全屏,전체 화면,Exclusive,Exclusive,Exclusive,Exclusive,Full screen,Exclusive fullscreen,Full screen
VSYNC_OFF,settings_skin.gd,16,13,140,,Off,[Óff·ëx],Não,No,Aus,Non,オフ,关,끔,No,No,Off,No,Off,Off,Off
VSYNC_ON,settings_skin.gd,16,13,140,,On,[Óñ·ë],Sim,Sí,An,Oui,オン,开,켬,Yes,Yes,On,Yes,On,On,On
VSYNC_ADAPTIVE,settings_skin.gd,16,13,140,,Adaptive,[Ádáptívé·ëxtr],Adaptável,Adaptable,Adaptiv,Adaptatif,アダプティブ,自适应,적응형,Adaptive,Adaptive,Adaptive,Adaptive,Adaptive,Adaptive,Adaptive
FPS_UNCAPPED,settings_skin.gd,16,13,140,,Uncapped,[Úñçáppéd·ëxtr],Sem limite,Sin límite,Unbegrenzt,Illimité,無制限,无限制,제한 없음,No limit,No limit,Unlimited,Unlimited,Unlimited,Unlimited,No limit
KEEP_MODE_TITLE,settings_skin.gd,20,16,358,Asked after switching to exclusive fullscreen.,Keep this?,[Kéép thís?·ëxtr],Manter isto?,¿Conservar?,Beibehalten?,Garder ?,このままにする？,保留此设置？,이대로 둘까요?,Keep this?,Keep?,Keep?,Keep?,Keep it like this?,Keep this setting?,Leave it like this?
KEEP_MODE_YES,settings_skin.gd,16,13,160,,Keep it,[Kéép ít·ëxt],Manter,Conservar,Behalten,Garder,このまま,保留,유지,Keep,Keep,Keep,Keep,As is,Keep,Keep
KEEP_MODE_NO,settings_skin.gd,16,13,160,,Put it back,[Pút ít báçk·ëxtrà],Desfazer,Deshacer,Zurücksetzen,Annuler,元に戻す,还原,되돌리기,Undo,Undo,Reset,Cancel,Revert,Revert,Revert
KEEP_MODE_WORDS,settings_skin.gd,16,13,358,%d is a countdown.,Putting it back in %d seconds.,[Púttíñg ít báçk íñ %d séçóñds.·ëxtràlóngëxt],Desfazendo em %d segundos.,Se deshace en %d segundos.,Wird in %d Sekunden zurückgesetzt.,Retour en arrière dans %d secondes.,%d秒後に元に戻します。,%d秒后还原。,%d초 후에 되돌려요.,Undoing in %d seconds.,It undoes in %d seconds.,Will be reset in %d seconds.,Going back in %d seconds.,Reverting after %d seconds.,Reverting after %d seconds.,Reverting after %d seconds.
CONTROLS_TITLE,controls_skin.gd,20,16,400,,Controls,[Çóñtróls·ëxtr],Controles,Controles,Steuerung,Commandes,操作設定,操作设置,조작 설정,Controls,Controls,Controls,Controls,Control settings,Control settings,Control settings
CONTROLS_DEFAULT,controls_skin.gd,16,13,380,,Set to default,[Sét tó défáúlt·ëxtràl],Restaurar padrão,Restablecer,Standard wiederherstellen,Par défaut,初期設定に戻す,恢复默认,기본값으로,Restore default,Reset,Restore default,By default,Return to default settings,Restore default,To default
CONTROLS_CAPTURING,controls_skin.gd,13,11,140,Shown in a cell while it waits for a key.,Press…,[Préss…·ëxt],Aperte…,Pulsa…,Drücken...,Appuie...,入力…,请按键…,입력…,Press…,Press…,Press...,Press...,Input…,Please press a key…,Input…
CONTROLS_COL_KEY,controls_skin.gd,13,11,140,,Keyboard,[Kéybóárd·ëxtr],Teclado,Teclado,Tastatur,Clavier,キーボード,键盘,키보드,Keyboard,Keyboard,Keyboard,Keyboard,Keyboard,Keyboard,Keyboard
CONTROLS_COL_PAD,controls_skin.gd,13,11,140,,Gamepad,[Gámépád·ëxt],Controle,Mando,Gamepad,Manette,ゲームパッド,手柄,게임패드,Controller,Controller,Gamepad,Controller,Gamepad,Gamepad,Gamepad
CONTROLS_HINT,controls_skin.gd,11,11,314,The · is kept.,Click a cell and press · right-click resets,[Çlíçk á çéll áñd préss · ríght-çlíçk réséts·ëxtràlóngëxtràlóng],Clique e aperte · direito restaura,Clic y pulsa · derecho restablece,"Feld klicken, Taste drücken · Rechtsklick setzt zurück",Clique une case et appuie · clic droit rétablit,枠をクリックして入力 · 右クリックで戻す,点击格子后按键 · 右键重置,칸 클릭 후 입력 · 우클릭으로 초기화,Click and press · right restores,Click and press · right resets,"Click field, press key · right-click resets",Click a box and press · right click restores,Click a cell and input · right-click to revert,Click cell then press key · right-click resets,Click cell then input · right-click resets
CONTROLS_HINT_PAD,controls_skin.gd,11,11,314,Pad version of CONTROLS_HINT; A and X are the Xbox legends.,A on a cell and press · X resets,[Á óñ á çéll áñd préss · X réséts·ëxtràlóngëxtr],,,,,,,,,,,,,,
CONTROLS_MOVED,controls_skin.gd,13,11,300,A verb's name (%s) followed by a mark that its key was just taken by another verb. Keep %s.,%s  — moved here,[%s  — móvéd héré·ëxtràló],%s  — movido,%s  — movido,%s  - hierher verschoben,%s  - déplacé ici,%s  — ここへ移動,%s  — 已移到此处,%s  — 여기로 이동,%s  — moved,%s  — moved,%s  - moved here,%s  - moved here,%s — moved here,%s — moved to here,%s — moved here
CONFIRM_BINDS_TITLE,controls_skin.gd,20,16,358,,Are you sure?,[Áré yóú súré?·ëxtràl],Tem certeza?,¿Seguro?,Bist du sicher?,Tu es sûr ?,本当にいいですか？,确定吗？,정말 할까요?,Are you sure?,Sure?,Are you sure?,Are you sure?,Is it really OK?,Are you sure?,Really do it?
CONFIRM_BINDS_YES,controls_skin.gd,16,13,160,,Set to default,[Sét tó défáúlt·ëxtràl],Restaurar,Restablecer,Standard,Par défaut,初期設定に戻す,恢复默认,기본값으로,Restore,Reset,Default,By default,Return to default settings,Restore default,To default
CONFIRM_BINDS_NO,controls_skin.gd,16,13,160,,Keep current,[Kéép çúrréñt·ëxtrà],Manter atual,Mantener,Behalten,Garder,今のまま,保持当前,지금대로,Keep current,Keep,Keep,Keep,Leave as now,Keep current,As it is now
VERB_WALK_UP,binds.gd,16,13,300,,Walk up,[Wálk úp·ëxt],Andar p/ cima,Andar arriba,Nach oben,Aller en haut,上に歩く,向上走,위로 걷기,Walk up,Walk up,Upwards,Go up,Walk up,Walk up,Walk up
VERB_WALK_DOWN,binds.gd,16,13,300,,Walk down,[Wálk dówñ·ëxtr],Andar p/ baixo,Andar abajo,Nach unten,Aller en bas,下に歩く,向下走,아래로 걷기,Walk down,Walk down,Downwards,Go down,Walk down,Walk down,Walk down
VERB_WALK_LEFT,binds.gd,16,13,300,,Walk left,[Wálk léft·ëxtr],Andar p/ esquerda,Andar izquierda,Nach links,Aller à gauche,左に歩く,向左走,왼쪽으로 걷기,Walk left,Walk left,To the left,Go left,Walk left,Walk left,Walk left
VERB_WALK_RIGHT,binds.gd,16,13,300,,Walk right,[Wálk ríght·ëxtr],Andar p/ direita,Andar derecha,Nach rechts,Aller à droite,右に歩く,向右走,오른쪽으로 걷기,Walk right,Walk right,To the right,Go right,Walk right,Walk right,Walk right
VERB_CAST,binds.gd,16,13,300,,Cast the net,[Çást thé ñét·ëxtrà],Lançar a rede,Lanzar la red,Netz auswerfen,Lancer le filet,網を投げる,撒网,그물 던지기,Throw the net,Throw the net,Cast net,Throw the net,Throw the net,Cast net,Throw net
VERB_LAY_NET,binds.gd,16,13,300,,Lay a lit net,[Láy á lít ñét·ëxtràl],Pôr rede acesa,Poner red brillante,Leuchtnetz legen,Poser un filet lumineux,光る網を置く,放置发光的网,빛나는 그물 놓기,Put lit net,Put shining net,Lay glowing net,Lay a glowing net,Place a glowing net,Place a glowing net,Place glowing net
VERB_INTERACT,binds.gd,16,13,300,,Interact,[Íñtéráçt·ëxtr],Interagir,Interactuar,Benutzen,Interagir,調べる・使う,互动,상호작용,Interact,Interact,Use,Interact,Examine/use,Interact,Interact
VERB_OPEN_SHED,binds.gd,16,13,300,,Open the shed,[Ópéñ thé shéd·ëxtràl],Abrir o galpão,Abrir el cobertizo,Hütte öffnen,Ouvrir la cabane,小屋を開く,打开小屋,창고 열기,Open the shed,Open the shed,Open hut,Open the hut,Open the hut,Open the hut,Open storeroom
VERB_OPEN_UPGRADES,binds.gd,16,13,300,,Open the upgrades,[Ópéñ thé úpgrádés·ëxtràló],Abrir melhorias,Abrir mejoras,Upgrades öffnen,Ouvrir les améliorations,強化を開く,打开升级,업그레이드 열기,Open upgrades,Open upgrades,Open upgrades,Open the improvements,Open upgrades,Open upgrades,Open upgrades
VERB_OPEN_SETTINGS,binds.gd,16,13,300,,Open the settings,[Ópéñ thé séttíñgs·ëxtràló],Abrir configurações,Abrir ajustes,Einstellungen öffnen,Ouvrir les paramètres,設定を開く,打开设置,설정 열기,Open settings,Open settings,Open settings,Open the settings,Open settings,Open settings,Open settings
VERB_ZOOM_IN,binds.gd,16,13,300,,Zoom in,[Zóóm íñ·ëxt],Aproximar,Acercar,Hineinzoomen,Zoom avant,ズームイン,放大,확대,Zoom in,Zoom in,Zoom in,Zoom forward,Zoom in,Enlarge,Zoom in
VERB_ZOOM_OUT,binds.gd,16,13,300,,Zoom out,[Zóóm óút·ëxtr],Afastar,Alejar,Herauszoomen,Zoom arrière,ズームアウト,缩小,축소,Zoom out,Zoom out,Zoom out,Zoom back,Zoom out,Shrink,Zoom out
VERB_RECENTRE,binds.gd,16,13,300,,Look at the angler,[Lóók át thé áñglér·ëxtràlón],Ver o pescador,Ver al pescador,Zum Angler schauen,Voir le pêcheur,釣り人を見る,视角回到钓手,낚시꾼 보기,See the fisherman,See the fisherman,Look to the angler,See the fisherman,Look at the angler,View back to angler,Look at angler
VERB_SHED_ROTATE,binds.gd,16,13,300,,Turn the piece,[Túrñ thé píéçé·ëxtràl],Girar a peça,Girar la pieza,Stück drehen,Tourner l'objet,家具を回す,旋转家具,가구 돌리기,Turn the piece,Turn the piece,Turn piece,Turn the object,Rotate furniture,Rotate furniture,Rotate furniture
VERB_SHED_SWITCH,binds.gd,16,13,300,,Work a switch,[Wórk á swítçh·ëxtràl],Ligar/desligar,Encender/apagar,Schalter betätigen,Actionner,スイッチを使う,使用开关,스위치 켜기/끄기,Switch on/off,Switch on/off,Operate switch,Operate,Use a switch,Use switch,Switch on/off
BIND_GROUP_MOVE,binds.gd,13,11,300,Heading on the controls board.,Move,[Móvé·ëx],Mover,Mover,Laufen,Déplacement,移動,移动,이동,Move,Move,Walking,Movement,Movement,Move,Move
BIND_GROUP_NET,binds.gd,13,11,300,Heading on the controls board.,Net,[Ñét·ëx],Rede,Red,Netz,Filet,網,渔网,그물,Net,Net,Net,Net,Net,Fishing net,Net
BIND_GROUP_OPEN,binds.gd,13,11,300,Heading on the controls board.,Open,[Ópéñ·ëx],Abrir,Abrir,Öffnen,Ouvrir,開く,打开,열기,Open,Open,Open,Open,Open,Open,Open
BIND_GROUP_VIEW,binds.gd,13,11,300,Heading on the controls board.,View,[Víéw·ëx],Visão,Vista,Ansicht,Vue,視点,视角,시점,View,View,View,View,Viewpoint,View angle,Viewpoint
BIND_GROUP_SHED,binds.gd,13,11,300,Heading on the controls board.,In the shed,[Íñ thé shéd·ëxtrà],No galpão,En el cobertizo,In der Hütte,Dans la cabane,小屋の中,小屋内,창고 안,In the shed,In the shed,In the hut,In the hut,Inside the hut,Inside hut,Inside storeroom
BIND_STICK,binds.gd,13,11,140,,Left stick,[Léft stíçk·ëxtr],Analógico esq.,Stick izq.,Linker Stick,Stick gauche,左スティック,左摇杆,왼쪽 스틱,Left analog,Left stick,Left stick,Left stick,Left stick,Left stick,Left stick
SHOP_BOARD_NET,shop_skin.gd,20,13,180,A board's title plank. Drawn in capitals.,Net,[Ñét·ëx],Rede,Red,Netz,Filet,網,渔网,그물,Net,Net,Net,Net,Net,Fishing net,Net
SHOP_BOARD_BOATS,shop_skin.gd,20,13,180,A board's title plank. Drawn in capitals.,Boats,[Bóáts·ëx],Barcos,Barcos,Boote,Bateaux,船,船只,배,Boats,Boats,Boats,Boats,Boats,Boats,Boat
SHOP_BOARD_DOGS,shop_skin.gd,20,13,180,A board's title plank. Drawn in capitals.,Dogs,[Dógs·ëx],Cães,Perros,Hunde,Chiens,犬,狗狗,강아지,Dogs,Dogs,Dogs,Dogs,Dogs,Doggies,Dogs
SHOP_BOARD_LUCK,shop_skin.gd,20,13,180,A board's title plank. Drawn in capitals.,Luck,[Lúçk·ëx],Sorte,Suerte,Glück,Chance,運,运气,행운,Luck,Luck,Luck,Luck,Luck,Luck,Luck
SHOP_GROUP_RUN,shop_skin.gd,13,11,200,,The run,[Thé rúñ·ëxt],A viagem,El viaje,Die Fahrt,Le trajet,運航,航运,운항,The voyage,The voyage,The trip,The route,Operation,Shipping,Operation
SHOP_GROUP_FLEET,shop_skin.gd,13,11,200,,The fleet,[Thé fléét·ëxtr],A frota,La flota,Die Flotte,La flotte,船団,船队,선단,The fleet,The fleet,The fleet,The fleet,Fleet,Fleet,Fleet
SHOP_GROUP_PACK,shop_skin.gd,13,11,200,,The pack,[Thé páçk·ëxtr],A matilha,La jauría,Das Rudel,La meute,群れ,狗群,무리,The pack,The pack,The pack,The pack,Pack,Dog pack,Pack
SHOP_GROUP_TRIP,shop_skin.gd,13,11,200,,The trip,[Thé tríp·ëxtr],A busca,La búsqueda,Der Ausflug,La sortie,おつかい,出动,심부름,The fetch,The search,The outing,The outing,Errand,Outing,Errand
SHOP_GROUP_ON_CAST,shop_skin.gd,13,11,200,,On a cast,[Óñ á çást·ëxtr],No lançamento,Al lanzar,Beim Wurf,Au lancer,投げるとき,撒网时,던질 때,On the throw,When throwing,On the throw,On the throw,When throwing,When casting,When throwing
SHOP_GROUP_AT_YARDS,shop_skin.gd,13,11,200,,At the yards,[Át thé yárds·ëxtrà],Nos pátios,En los depósitos,Am Hof,Aux dépôts,回収所で,回收站,수거장에서,At the yards,At the depots,At the yard,At the depots,At the collection site,Recycling station,At the collection yard
TRACK_NET_WIDTH,lake.gd,16,11,87,An upgrade's name. All 17 must stay different words.,Width,[Wídth·ëx],Largura,Ancho,Breite,Largeur,網の幅,网宽,너비,Width,Width,Width,Width,Net width,Net width,Width
TRACK_NET_STRENGTH,lake.gd,16,11,87,An upgrade's name. All 17 must stay different words.,Strength,[Stréñgth·ëxtr],Força,Fuerza,Stärke,Force,パワー,力量,힘,Strength,Strength,Strength,Strength,Power,Strength,Strength
TRACK_NET_RANGE,lake.gd,16,11,87,An upgrade's name. All 17 must stay different words.,Range,[Ráñgé·ëx],Alcance,Alcance,Weite,Portée,射程,射程,사거리,Reach,Reach,Distance,Range,Range,Range,Range
TRACK_REEL,lake.gd,16,11,87,An upgrade's name. All 17 must stay different words.,Reel,[Réél·ëx],Molinete,Carrete,Rolle,Moulinet,巻き速度,收网,감기,Reel,Reel,Reel,Reel,Reel speed,Reel in net,Reeling
TRACK_NET_HOLD,lake.gd,16,11,87,An upgrade's name. All 17 must stay different words.,Catch,[Çátçh·ëx],Captura,Captura,Fang,Prise,収容,容量,포획량,Catch,Catch,Catch,Catch,Capacity,Capacity,Catch amount
TRACK_BOAT_SPEED,lake.gd,16,11,87,An upgrade's name. All 17 must stay different words.,Sailing,[Sáílíñg·ëxt],Vela,Vela,Segeln,Voile,航行,航速,항해,Sail,Sail,Sailing,Sail,Navigation,Sailing speed,Sailing
TRACK_CARGO,lake.gd,16,11,87,An upgrade's name. All 17 must stay different words.,Hold,[Hóld·ëx],Porão,Bodega,Laderaum,Cale,積載,载货,적재량,Hold,Hold,Cargo hold,Hold,Loading capacity,Cargo,Cargo amount
TRACK_BOAT_VOLLEY,lake.gd,16,11,87,An upgrade's name. All 17 must stay different words.,Loading,[Lóádíñg·ëxt],Carga,Carga,Laden,Charge,荷役,装卸,하역,Load,Load,Loading,Load,Cargo handling,Load/unload,Unloading
TRACK_FLEET,lake.gd,16,11,87,An upgrade's name. All 17 must stay different words.,Fleet,[Fléét·ëx],Frota,Flota,Flotte,Flotte,船の数,船数,선박 수,Fleet,Fleet,Fleet,Fleet,Number of boats,Boat count,Boat count
TRACK_DOG_COUNT,lake.gd,16,11,87,An upgrade's name. All 17 must stay different words.,Pack,[Páçk·ëx],Matilha,Jauría,Rudel,Meute,犬の数,狗数,마릿수,Pack,Pack,Pack,Pack,Number of dogs,Dog count,Head count
TRACK_DOG_STRENGTH,lake.gd,16,11,87,An upgrade's name. All 17 must stay different words.,Carry,[Çárry·ëx],Porte,Porte,Tragen,Portage,運搬,搬运,운반,Carrying,Carrying,Carrying,Carrying,Transport,Carry,Carrying
TRACK_DOG_FETCH,lake.gd,16,11,87,An upgrade's name. All 17 must stay different words.,Fetch,[Fétçh·ëx],Busca,Busca,Apport,Rapport,取ってこい,叼回,물어오기,Fetch,Fetch,Fetch,Fetching,Fetch!,Fetch back,Fetching
TRACK_DOG_WAIT,lake.gd,16,11,87,An upgrade's name. All 17 must stay different words.,Keenness,[Kééññéss·ëxtr],Vontade,Ganas,Eifer,Zèle,やる気,干劲,의욕,Eagerness,Eagerness,Eagerness,Zeal,Motivation,Eagerness,Eagerness
TRACK_RECYCLE_BONUS,lake.gd,16,11,87,An upgrade's name. All 17 must stay different words.,Bonus yard,[Bóñús yárd·ëxtr],Bônus,Bono,Bonushof,Dépôt bonus,ボーナス,回收奖励,보너스,Bonus,Bonus,Bonus yard,Bonus depot,Bonus,Recycling bonus,Bonus
TRACK_BIRD_WORTH,lake.gd,16,11,87,An upgrade's name. All 17 must stay different words.,Pigeons,[Pígéóñs·ëxt],Pombos,Palomas,Tauben,Pigeons,ハト,鸽子,비둘기,Pigeons,Pigeons,Pigeons,Pigeons,Pigeon,Pigeons,Pigeon
TRACK_LUCKY_HAUL,lake.gd,16,11,87,An upgrade's name. All 17 must stay different words.,Lucky cast,[Lúçky çást·ëxtr],Sorte,Suerte,Glückswurf,Coup chanceux,ラッキー,幸运网,행운 투척,Luck,Luck,Lucky throw,Lucky shot,Lucky,Lucky net,Lucky throw
TRACK_DOUBLE_CAST,lake.gd,16,11,87,An upgrade's name. All 17 must stay different words.,Double cast,[Dóúblé çást·ëxtrà],Dobro,Doble,Doppelwurf,Double lancer,ダブル,双网,이중 투척,Double,Double,Double throw,Double throw,Double,Double net,Double throw
BLURB_NET_WIDTH,lake.gd,13,11,0,"PLACEHOLDER wording. Shown when hovering the row's ""?"".","How wide the net's mouth opens, so one cast covers more water.","[Hów wídé thé ñét's móúth ópéñs, só óñé çást çóvérs móré wátér.·ëxtràlóngëxtràlóngëxtràló]","O quanto a boca da rede abre, para cada lançamento cobrir mais água.","Cuánto se abre la boca de la red, para que cada lanzamiento cubra más agua.","Wie weit sich die Netzöffnung öffnet, damit ein Wurf mehr Wasser abdeckt.","La largeur d'ouverture du filet, pour couvrir plus d'eau à chaque lancer.",網の口の広さ。1回で広い水面をカバーできます。,网口张开的宽度，一次撒网能覆盖更多水面。,그물 입구의 너비예요. 한 번에 더 넓은 물을 덮어요.,"How much the net mouth opens, so each throw covers more water.","How much the net mouth opens, so each throw covers more water.",How wide the net opening opens so one throw covers more water.,"The opening width of the net, to cover more water with each throw.",Width of the net's mouth. One cast covers a wide water surface.,How wide the net mouth opens; one cast covers more water.,Width of the net's mouth. Covers wider water at once.
BLURB_NET_STRENGTH,lake.gd,13,11,0,"PLACEHOLDER wording. Shown when hovering the row's ""?"".",The heaviest weight tier the net can lift.,[Thé héávíést wéíght tíér thé ñét çáñ líft.·ëxtràlóngëxtràlón],O nível de peso mais pesado que a rede consegue levantar.,El nivel de peso más alto que la red puede levantar.,"Die schwerste Gewichtsstufe, die das Netz heben kann.",La catégorie de poids la plus lourde que le filet peut soulever.,網が持ち上げられる一番重い重量ランク。,渔网能拉起的最重重量等级。,그물이 들어 올릴 수 있는 가장 무거운 무게 등급이에요.,The heaviest weight level the net can lift.,The highest weight level the net can lift.,The heaviest weight tier the net can lift.,The heaviest weight category the net can lift.,The heaviest weight rank the net can lift.,Heaviest weight tier the net can lift.,The heaviest weight tier the net can lift.
BLURB_NET_RANGE,lake.gd,13,11,0,"PLACEHOLDER wording. Shown when hovering the row's ""?"".",How far from the shore the angler can throw.,[Hów fár fróm thé shóré thé áñglér çáñ thrów.·ëxtràlóngëxtràlóng],Até onde o pescador consegue lançar a partir da margem.,Hasta dónde puede lanzar el pescador desde la orilla.,Wie weit der Angler vom Ufer aus werfen kann.,La distance à laquelle le pêcheur peut lancer depuis la rive.,岸から網を投げられる距離。,钓手能从岸边抛出多远。,기슭에서 그물을 던질 수 있는 거리예요.,How far the fisherman can throw from the shore.,How far the fisherman can throw from the shore.,How far the angler can throw from the shore.,The distance the fisherman can throw from the shore.,Distance the net can be thrown from shore.,How far the angler can throw from shore.,Distance the net can be thrown from shore.
BLURB_REEL,lake.gd,13,11,0,"PLACEHOLDER wording. Shown when hovering the row's ""?"".",How fast the net is reeled back in.,[Hów fást thé ñét ís rééléd báçk íñ.·ëxtràlóngëxtrà],A velocidade com que a rede é recolhida.,La velocidad con la que se recoge la red.,Wie schnell das Netz eingeholt wird.,La vitesse à laquelle le filet est ramené.,網を巻き戻す速さ。,收回渔网的速度。,그물을 감아 들이는 속도예요.,The speed at which the net is pulled back.,The speed at which the net is pulled back.,How fast the net is hauled in.,The speed at which the net is brought back.,Speed of reeling the net back.,Speed of pulling the net back.,Speed of reeling in the net.
BLURB_NET_HOLD,lake.gd,13,11,0,"PLACEHOLDER wording. Shown when hovering the row's ""?"".",How many pieces one cast can carry home.,[Hów máñy píéçés óñé çást çáñ çárry hómé.·ëxtràlóngëxtràló],Quantas peças um lançamento consegue trazer.,Cuántas piezas puede traer un lanzamiento.,Wie viele Stücke ein Wurf nach Hause bringt.,Combien d'objets un lancer peut rapporter.,1回の投網で持ち帰れる数。,一次撒网能带回的物品数量。,한 번 던져서 가져올 수 있는 개수예요.,How many pieces one throw can bring.,How many pieces a throw can bring.,How many pieces one throw brings home.,How many objects one throw can bring back.,Number you can bring home with one cast.,Number of items one cast can bring back.,Number you can bring back per throw.
BLURB_BOAT_SPEED,lake.gd,13,11,0,"PLACEHOLDER wording. Shown when hovering the row's ""?"".",How fast the ferry sails between the island and the yards.,[Hów fást thé férry sáíls bétwééñ thé ísláñd áñd thé yárds.·ëxtràlóngëxtràlóngëxtràl],A velocidade da balsa entre a ilha e os pátios.,La velocidad del ferri entre la isla y los depósitos.,Wie schnell die Fähre zwischen Insel und Höfen segelt.,La vitesse du ferry entre l'île et les dépôts.,島と回収所の間を船が進む速さ。,渡船往返小岛和回收站的速度。,배가 섬과 수거장 사이를 오가는 속도예요.,The ferry speed between the island and the yards.,The ferry speed between the island and the depots.,How fast the ferry sails between island and yards.,The speed of the ferry between the island and the depots.,Speed the boat goes between the island and collection sites.,Ferry speed between island and recycling stations.,Speed boat travels between island and yards.
BLURB_CARGO,lake.gd,13,11,0,"PLACEHOLDER wording. Shown when hovering the row's ""?"".",How many pieces the ferry carries a trip.,[Hów máñy píéçés thé férry çárríés á tríp.·ëxtràlóngëxtràlón],Quantas peças a balsa leva por viagem.,Cuántas piezas lleva el ferri por viaje.,Wie viele Stücke die Fähre pro Fahrt trägt.,Combien d'objets le ferry transporte par trajet.,船が1回に運べる数。,渡船每趟能运的数量。,배가 한 번에 실어 나르는 개수예요.,How many pieces the ferry takes per trip.,How many pieces the ferry takes per trip.,How many pieces the ferry carries per trip.,How many objects the ferry carries per trip.,Number the boat can carry per trip.,Amount the ferry carries per trip.,Number the boat carries at once.
BLURB_BOAT_VOLLEY,lake.gd,13,11,0,"PLACEHOLDER wording. Shown when hovering the row's ""?"".",How quickly a ferry throws its load aboard and into the yard's box.,[Hów qúíçkly á férry thróws íts lóád ábóárd áñd íñtó thé yárd's bóx.·ëxtràlóngëxtràlóngëxtràlóng],A rapidez com que a balsa embarca a carga e a joga na caixa do pátio.,Lo rápido que el ferri sube su carga y la tira en la caja del depósito.,Wie schnell eine Fähre ihre Ladung an Bord und in die Kiste am Hof wirft.,La vitesse à laquelle un ferry charge sa cargaison et la jette dans la caisse du dépôt.,船が荷物を積んで回収箱に下ろす速さ。,渡船装货和卸进回收箱的速度。,배가 짐을 싣고 수거함에 내리는 속도예요.,How fast the ferry loads its cargo and throws it into the yard box.,How fast the ferry loads its cargo and throws it into the depot box.,How fast a ferry throws its load aboard and into the box at the yard.,The speed at which a ferry loads its cargo and throws it into the depot's crate.,Speed the boat loads cargo and unloads it into the collection box.,Speed the ferry loads and unloads into the recycling box.,Speed the boat loads and drops into the collection box.
BLURB_FLEET,lake.gd,13,11,0,"PLACEHOLDER wording. Shown when hovering the row's ""?"".",Another ferry in the water.,[Áñóthér férry íñ thé wátér.·ëxtràlóngëx],Mais uma balsa na água.,Otro ferri en el agua.,Noch eine Fähre auf dem Wasser.,Un ferry de plus sur l'eau.,船がもう1隻増えます。,再增加一艘渡船。,배가 한 척 더 늘어나요.,One more ferry on the water.,Another ferry on the water.,One more ferry on the water.,One more ferry on the water.,One more boat is added.,Add another ferry.,One more boat is added.
BLURB_DOG_COUNT,lake.gd,13,11,0,"PLACEHOLDER wording. Shown when hovering the row's ""?"".","Another dog for the pack, trained like the first.","[Áñóthér dóg fór thé páçk, tráíñéd líké thé fírst.·ëxtràlóngëxtràlóngëx]","Mais um cão para a matilha, treinado como o primeiro.","Otro perro para la jauría, entrenado como el primero.","Noch ein Hund fürs Rudel, genauso gut erzogen wie der erste.","Un chien de plus dans la meute, dressé comme le premier.",群れに犬がもう1匹。最初の子と同じように働きます。,狗群再添一只，和第一只一样训练有素。,무리에 강아지가 한 마리 더. 첫째처럼 잘 훈련됐어요.,"One more dog for the pack, trained like the first.","Another dog for the pack, trained like the first.","One more dog for the pack, just as well trained as the first.","One more dog in the pack, trained like the first.",One more dog in the pack. Works like the first one.,"One more dog in the pack, trained like the first.",One more dog in the pack. Well trained like the first.
BLURB_DOG_STRENGTH,lake.gd,13,11,0,"PLACEHOLDER wording. Shown when hovering the row's ""?"".",The heaviest and biggest pieces the dogs can carry back.,[Thé héávíést áñd bíggést píéçés thé dógs çáñ çárry báçk.·ëxtràlóngëxtràlóngëxtrà],As peças mais pesadas e maiores que os cães conseguem trazer.,Las piezas más pesadas y grandes que los perros pueden traer.,"Die schwersten und größten Stücke, die die Hunde zurücktragen können.",Les objets les plus lourds et les plus gros que les chiens peuvent rapporter.,犬が運べる一番重くて大きいもの。,狗狗能叼回的最重最大的物品。,강아지가 옮길 수 있는 가장 무겁고 큰 물건이에요.,The heaviest and biggest pieces the dogs can bring.,The heaviest and biggest pieces the dogs can bring.,The heaviest and largest pieces the dogs can carry back.,The heaviest and biggest objects the dogs can bring back.,The heaviest and largest things dogs can carry.,Heaviest and largest items the dogs can carry back.,Heaviest and biggest items dogs can carry.
BLURB_DOG_FETCH,lake.gd,13,11,0,"PLACEHOLDER wording. Shown when hovering the row's ""?"".",How many pieces the dog brings back a trip.,[Hów máñy píéçés thé dóg bríñgs báçk á tríp.·ëxtràlóngëxtràlóng],Quantas peças o cão traz por viagem.,Cuántas piezas trae el perro por viaje.,Wie viele Stücke der Hund pro Ausflug zurückbringt.,Combien d'objets le chien rapporte par sortie.,犬が1回に持ってくる数。,狗狗每趟叼回的数量。,강아지가 한 번에 물어 오는 개수예요.,How many pieces the dog brings per trip.,How many pieces the dog brings per trip.,How many pieces the dog brings back per outing.,How many objects the dog brings back per outing.,Number a dog brings per trip.,Amount the dog brings back per trip.,Number the dog brings at once.
BLURB_DOG_WAIT,lake.gd,13,11,0,"PLACEHOLDER wording. Shown when hovering the row's ""?"".","How long the dog lazes about between trips, at most.","[Hów lóñg thé dóg lázés ábóút bétwééñ tríps, át móst.·ëxtràlóngëxtràlóngëxt]","Quanto tempo, no máximo, o cão fica à toa entre as viagens.","Cuánto tiempo, como máximo, el perro holgazanea entre viajes.",Wie lange der Hund zwischen Ausflügen höchstens faulenzt.,Combien de temps le chien paresse au maximum entre deux sorties.,おつかいの間に犬がのんびりする最長時間。,狗狗每趟之间最多偷懒多久。,강아지가 심부름 사이에 빈둥거리는 최대 시간이에요.,"How long, at most, the dog idles between trips.","How long, at most, the dog lazes between trips.",How long the dog lazes at most between outings.,How long the dog lazes at most between two outings.,Longest time the dog relaxes between errands.,Longest the dog slacks off between trips.,Max time the dog lazes between errands.
BLURB_RECYCLE_BONUS,lake.gd,13,11,0,"PLACEHOLDER wording. Shown when hovering the row's ""?"".","One yard at a time pays over the odds, and it moves.","[Óñé yárd át á tímé páys óvér thé ódds, áñd ít móvés.·ëxtràlóngëxtràlóngëxt]","Um pátio por vez paga a mais, e ele muda de lugar.","Un depósito a la vez paga de más, y va cambiando.","Immer ein Hof zahlt extra gut, und er wechselt.","Un dépôt à la fois paie plus que prévu, et il change.",回収所のどこか1つが高く買ってくれます。場所は変わります。,每次有一个回收站出高价，而且会轮换。,수거장 한 곳이 비싸게 사 줘요. 장소는 바뀌어요.,"One yard at a time pays extra, and it changes place.","One depot at a time pays extra, and it keeps changing.","Always one yard pays extra well, and it changes.","One depot at a time pays more than expected, and it changes.",One of the collection sites buys at a high price. The place changes.,"One recycling station pays extra at a time, and it rotates.",One yard buys at a high price. The place changes.
BLURB_BIRD_WORTH,lake.gd,13,11,0,"PLACEHOLDER wording. Shown when hovering the row's ""?"".",What a netted pigeon is worth.,[Whát á ñéttéd pígéóñ ís wórth.·ëxtràlóngëxt],Quanto vale um pombo pego na rede.,Cuánto vale una paloma atrapada en la red.,Was eine gefangene Taube wert ist.,Ce que vaut un pigeon attrapé.,網で捕まえたハトの値打ち。,网到一只鸽子能赚多少。,그물로 잡은 비둘기의 값어치예요.,How much a pigeon caught in the net is worth.,How much a pigeon caught in the net is worth.,What a caught pigeon is worth.,What a caught pigeon is worth.,Value of a pigeon caught with the net.,How much a netted pigeon earns.,Value of a pigeon caught with the net.
BLURB_LUCKY_HAUL,lake.gd,13,11,0,"PLACEHOLDER wording. Shown when hovering the row's ""?"".",Odds that a cast lifts one tier heavier and holds more.,[Ódds thát á çást lífts óñé tíér héávíér áñd hólds móré.·ëxtràlóngëxtràlóngëxtr],Chance de um lançamento levantar um nível mais pesado e levar mais.,Probabilidad de que un lanzamiento levante un nivel más pesado y lleve más.,"Chance, dass ein Wurf eine Stufe schwerer hebt und mehr fasst.",Chance qu'un lancer soulève une catégorie plus lourde et contienne plus.,投網が1ランク重いものを持ち上げ、多く運べる確率。,撒网时能多拉一个重量等级、多装一些的几率。,한 등급 더 무거운 것을 들고 더 많이 담을 확률이에요.,Chance a throw lifts one heavier level and carries more.,Chance a throw lifts one heavier level and carries more.,Chance that a throw lifts one tier heavier and holds more.,Chance that a throw lifts one heavier category and holds more.,Chance a cast lifts one rank heavier and carries more.,Chance a cast lifts one tier heavier and holds more.,Chance to lift one tier heavier and hold more.
BLURB_DOUBLE_CAST,lake.gd,13,11,0,"PLACEHOLDER wording. Shown when hovering the row's ""?"".",Odds that a cast throws a second net beside the first.,[Ódds thát á çást thróws á séçóñd ñét bésídé thé fírst.·ëxtràlóngëxtràlóngëxtr],Chance de um lançamento jogar uma segunda rede ao lado da primeira.,Probabilidad de que un lanzamiento tire una segunda red junto a la primera.,"Chance, dass ein Wurf ein zweites Netz neben das erste wirft.",Chance qu'un lancer jette un second filet à côté du premier.,投網のとき、隣にもう1つ網を投げる確率。,撒网时在旁边再撒一张网的几率。,던질 때 옆에 그물을 하나 더 던질 확률이에요.,Chance a throw throws a second net beside the first.,Chance a throw throws a second net beside the first.,Chance that a throw throws a second net next to the first.,Chance that a throw casts a second net beside the first.,Chance of throwing another net next to it when casting.,Chance to throw a second net beside the first.,Chance to throw one more net beside when throwing.
SHOP_TIER_PREFIX,lake.gd,13,11,40,"Goes before a number: ""Tier 2 → 3"". Keep the trailing space if your language needs one.",Tier ,[Tíér ·ëx],Nível ,Nivel ,Stufe ,Cat. ,ランク,等级,등급 ,Level ,Level ,Tier ,Cat. ,Rank,Level,Tier 
SHOP_MAX,lake.gd,16,11,60,Replaces the price on a fully bought upgrade.,Max,[Máx·ëx],Máx,Máx,Max,Max,最大,满级,최대,Max,Max,Max,Max,Maximum,Max level,Max
SHOP_LEGEND,lake.gd,13,11,0,,Each material sells at its own yard. Heavier pieces always pay more.,[Éáçh mátéríál sélls át íts ówñ yárd. Héávíér píéçés álwáys páy móré.·ëxtràlóngëxtràlóngëxtràlóngë],Cada material é vendido no seu pátio. Peças mais pesadas sempre pagam mais.,Cada material se vende en su depósito. Las piezas más pesadas siempre pagan más.,Jedes Material wird an seinem eigenen Hof verkauft. Schwerere Stücke bringen immer mehr.,Chaque matériau se vend à son propre dépôt. Les objets plus lourds rapportent toujours plus.,素材ごとに別の回収所で売れます。重いものほど高く売れます。,每种材料在各自的回收站出售。越重的物品越值钱。,재료마다 다른 수거장에서 팔려요. 무거울수록 비싸게 팔려요.,Each material is sold at its yard. Heavier pieces always pay more.,Each material sells at its depot. Heavier pieces always pay more.,Each material is sold at its own yard. Heavier pieces always bring more.,Each material sells at its own depot. Heavier objects always earn more.,Each material sells at a separate collection site. Heavier things sell higher.,Each material sells at its own station. Heavier items are worth more.,"Each material sells at a different yard. The heavier, the pricier."
SHOP_BONUS_LINE,shop_skin.gd,13,11,0,"%s is a percent, %d seconds.",Bonus yard: %s for %ds,[Bóñús yárd: %s fór %ds·ëxtràlóng],Bônus: %s por %ds,Bono: %s por %ds,Bonushof: %s für %ds,Dépôt bonus : %s pendant %ds,ボーナス：%s（%d秒）,回收奖励：%s，%d秒,보너스: %s (%d초),Bonus: %s for %ds,Bonus: %s for %ds,Bonus yard: %s for %ds,Bonus depot: %s for %ds,Bonus: %s (%d seconds),"Recycling bonus: %s, %d seconds",Bonus: %s (%d seconds)
HUD_WAITING,hud_skin.gd,13,11,96,Pieces in the island crate waiting for a boat.,Waiting,[Wáítíñg·ëxt],Na fila,En espera,Wartend,En attente,待機中,待运,대기 중,In the queue,Waiting,Waiting,Waiting,Waiting,Awaiting shipment,Waiting
HUD_UPGRADES,hud_skin.gd,13,11,96,,Upgrades,[Úpgrádés·ëxtr],Melhorias,Mejoras,Upgrades,Améliorer,強化,升级,업그레이드,Upgrades,Upgrades,Upgrades,Improve,Upgrades,Upgrades,Upgrades
HUD_DECORATE,hud_buttons.gd,13,11,96,,Decorate,[Déçóráté·ëxtr],Decorar,Decorar,Einrichten,Décorer,模様替え,装饰,꾸미기,Decorate,Decorate,Furnish,Decorate,Redecorate,Decorate,Decorate
HUD_PIECES_LEFT_1,lake.gd,16,13,180,,1 piece left,[1 píéçé léft·ëxtrà],Falta 1 peça,Queda 1 pieza,Noch 1 Stück,Plus qu'1 objet,残り1個,还剩1个,1개 남음,1 piece missing,1 piece remains,1 more piece,Only 1 object left,1 left,1 left,1 left
HUD_PIECES_LEFT_N,lake.gd,16,13,180,%d is 2 to 50.,%d pieces left,[%d píéçés léft·ëxtràl],Faltam %d peças,Quedan %d piezas,Noch %d Stücke,Plus que %d objets,残り%d個,还剩%d个,%d개 남음,%d pieces missing,%d pieces remain,%d more pieces,Only %d objects left,%d left,%d left,%d left
SHELF_TITLE,shed_room.gd,20,13,220,,Decorate,[Déçóráté·ëxtr],Decorar,Decorar,Einrichten,Décorer,模様替え,装饰,꾸미기,Decorate,Decorate,Furnish,Decorate,Redecorate,Decorate,Decorate
SHELF_TITLE_N,shed_room.gd,20,13,220,%d is how many pieces are on the shelf.,Decorate  %d,[Déçóráté  %d·ëxtrà],Decorar  %d,Decorar  %d,Einrichten  %d,Décorer  %d,模様替え  %d,装饰  %d,꾸미기  %d,Decorate  %d,Decorate  %d,Furnish  %d,Decorate  %d,Redecorate %d,Decorate %d,Decorate %d
SHELF_EMPTY,shed_shelf.gd,13,11,220,,Nothing kept yet.,[Ñóthíñg képt yét.·ëxtràló],Nada guardado ainda.,Nada guardado aún.,Noch nichts da.,Rien pour l'instant.,まだ何もありません。,还没有收藏。,아직 아무것도 없어요.,Nothing stored yet.,Nothing stored yet.,Nothing here yet.,Nothing for now.,Nothing yet.,No collection yet.,Nothing yet.
SHELF_WASH_N,shed_room.gd,20,13,160,The shelf's wash plank; %d is how many finds wait at the pump.,Wash  %d,[Wásh  %d·ëxtr],Lavar  %d,Lavar  %d,Waschen  %d,Laver  %d,洗う  %d,清洗  %d,씻기  %d,Wash  %d,Wash  %d,Wash  %d,Wash  %d,Wash %d,Wash %d,Wash %d
LETTER_TITLE,letter.gd,20,16,300,The plank over every card but the first: the board is the game's instructions.,How to play,[Hów tó pláy·ëxtrà],Como jogar,Cómo jugar,Anleitung,Comment jouer,遊び方,玩法说明,플레이 방법,How to play,How to play,Instructions,How to play,How to play,How to play,How to play
LETTER_NET_HEAD,letter.gd,20,16,540,,Net,[Ñét·ëx],Rede,Red,Netz,Filet,網,渔网,그물,Net,Net,Net,Net,Net,Fishing net,Net
LETTER_NET_GREEN,letter.gd,13,11,200,Caption under a picture of the green aim ring: the net will surely catch something.,Guaranteed objects,[Gúáráñtééd óbjéçts·ëxtràlón],Objetos garantidos,Objetos seguros,Sicherer Fang,Prise assurée,確実に取れる,一定能捞到,확실히 잡혀요,Guaranteed objects,Sure objects,Sure catch,Guaranteed catch,Surely caught,Will definitely catch,Surely caught
LETTER_NET_RED,letter.gd,13,11,200,Caption under a picture of the red aim ring: nothing there the net can lift.,No object available,[Ñó óbjéçt áváíláblé·ëxtràlón],Nenhum objeto,Ningún objeto,Nichts zu fangen,Rien à attraper,取れるものなし,没有可捞的,잡을 게 없어요,No object,No object,Nothing to catch,Nothing to catch,Nothing catchable,Nothing to catch,Nothing to catch
LETTER_NET_WHITE,letter.gd,13,11,200,Caption under a picture of the dashed ring: too far to throw.,Out of net range,[Óút óf ñét ráñgé·ëxtràló],Fora do alcance,Fuera de alcance,Außer Reichweite,Hors de portée,届かない,超出范围,닿지 않아요,Out of reach,Out of reach,Out of range,Out of range,Does not reach,Out of range,Does not reach
LETTER_UPGRADES_HEAD,letter.gd,20,16,540,,Upgrades,[Úpgrádés·ëxtr],Melhorias,Mejoras,Upgrades,Améliorations,強化,升级,업그레이드,Upgrades,Upgrades,Upgrades,Improvements,Upgrades,Upgrades,Upgrades
LETTER_WEIGHT_HEAD,letter.gd,20,16,540,Card heading: rubbish comes in weight tiers.,Object Tier,[Óbjéçt Tíér·ëxtrà],Nível do objeto,Nivel del objeto,Gewichtsstufe,Catégorie,重さのランク,重量等级,무게 등급,Object level,Object level,Weight tier,Category,Weight rank,Weight tier,Weight tier
LETTER_WEIGHT_CAP1,letter.gd,13,11,160,,Too heavy,[Tóó héávy·ëxtr],Pesado demais,Muy pesado,Zu schwer,Trop lourd,重すぎる,太重了,너무 무거워요,Too heavy,Very heavy,Too heavy,Too heavy,Too heavy,Too heavy,Too heavy
LETTER_WEIGHT_CAP2,letter.gd,13,11,200,Caption under a picture of the Strength shop row.,Upgrade Strength,[Úpgrádé Stréñgth·ëxtràló],Melhore a Força,Mejora la Fuerza,Stärke verbessern,Améliore la Force,パワーを強化,升级力量,힘 업그레이드,Improve Strength,Improve Strength,Improve Strength,Improve Strength,Upgrade Power,Upgrade strength,Upgrade strength
LETTER_DECOR_HEAD,letter.gd,20,16,540,,Decoration,[Déçórátíóñ·ëxtr],Decoração,Decoración,Deko,Décoration,インテリア,装饰,인테리어,Decoration,Decoration,Decor,Decoration,Interior,Decoration,Interior
LETTER_DECOR_LINE,letter.gd,16,11,0,Wraps.,Some catches are decoration for your shed.,[Sómé çátçhés áré déçórátíóñ fór yóúr shéd.·ëxtràlóngëxtràlón],Algumas pescas são decoração para o seu galpão.,Algunas capturas son decoración para tu cobertizo.,Manche Fänge sind Deko für deine Hütte.,Certaines prises décorent ta cabane.,取れたものの中には、小屋に飾れるものもあります。,有些捞到的东西可以用来装饰小屋。,잡은 것 중에는 창고를 꾸밀 물건도 있어요.,Some catches are decoration for your shed.,Some catches are decoration for your shed.,Some catches are decor for your hut.,Some catches decorate your hut.,"Among caught things, some can be displayed in the hut.",Some catches can decorate the hut.,Among catches there are items to decorate the storeroom.
LETTER_DECOR_CAP1,letter.gd,13,11,160,,Catch it,[Çátçh ít·ëxtr],Pesque,Atrápalo,Fangen,Attrape,網で取る,捞上来,잡기,Catch,Catch it,Catch,Catch,Take with net,Fish it up,Catch
LETTER_DECOR_CAP2,letter.gd,13,11,160,,Wash it,[Wásh ít·ëxt],Lave,Lávalo,Waschen,Lave,洗う,洗干净,씻기,Wash,Wash it,Wash,Wash,Wash,Wash clean,Wash
LETTER_DECOR_CAP3,letter.gd,13,11,200,Caption under a picture of the furnished shed.,Decorate,[Déçóráté·ëxtr],Decore,Decora,Einrichten,Décore,飾る,摆放,꾸미기,Decorate,Decorate,Furnish,Decorate,Display,Place,Decorate
LETTER_START,letter.gd,16,13,180,,Start cleaning,[Stárt çléáñíñg·ëxtràl],Bora limpar,A limpiar,Los geht's,C'est parti,そうじを始める,开始清理,청소 시작,Let us clean,To cleaning,Let's go,Here we go,Start cleaning,Start clearing,Start cleaning
WASH_TITLE,wash_room.gd,20,13,220,,To wash,[Tó wásh·ëxt],Para lavar,Por lavar,Zu waschen,À laver,洗うもの,待清洗,씻을 것,To wash,To wash,To wash,To wash,Things to wash,To be washed,Things to wash
WASH_EMPTY_1,wash_room.gd,13,11,220,,Nothing waiting.,[Ñóthíñg wáítíñg.·ëxtràló],Nada esperando.,Nada en espera.,Nichts wartet.,Rien en attente.,何もありません。,没有待洗物品。,기다리는 게 없어요.,Nothing waiting.,Nothing waiting.,Nothing waits.,Nothing waiting.,There is nothing.,No items to wash.,Nothing is waiting.
WASH_EMPTY_2,wash_room.gd,13,11,220,Lines 2 and 3 are one sentence.,Net a find and,[Ñét á fíñd áñd·ëxtràl],Pesque um achado e,Pesca un hallazgo,Fang einen Fund und,Attrape une trouvaille,見つけたものを,把捞到的宝物,찾은 물건을,Catch a find and,Catch a find,Catch a find and,Catch a find,The thing you found,The treasure you fished up,The found item
WASH_EMPTY_3,wash_room.gd,13,11,220,Lines 2 and 3 are one sentence.,bring it here.,[bríñg ít héré.·ëxtràl],traga até aqui.,y tráelo aquí.,bring ihn her.,et apporte-la ici.,ここへ持ってきて。,带到这里吧。,여기로 가져와요.,bring it here.,and bring it here.,bring it here.,and bring it here.,bring it here.,bring it here.,bring it here.
END_LINE_1,farewell.gd,26,20,0,,You have cleaned your lake and can now live in peace.,[Yóú hávé çléáñéd yóúr láké áñd çáñ ñów lívé íñ péáçé.·ëxtràlóngëxtràlóngëxtr],Você limpou o seu lago e agora pode viver em paz.,Has limpiado tu lago y ahora puedes vivir en paz.,Du hast deinen See gesäubert und kannst jetzt in Frieden leben.,Tu as nettoyé ton lac et peux maintenant vivre en paix.,湖はきれいになりました。これからはのんびり暮らせます。,你把湖清理干净了，从此可以安心生活。,호수를 깨끗하게 만들었어요. 이제 평화롭게 살 수 있어요.,You cleaned your lake and now can live in peace.,You have cleaned your lake and now can live in peace.,You have cleaned your lake and can now live in peace.,You have cleaned your lake and can now live in peace.,The lake became clean. From now on you can live leisurely.,You cleaned the lake and can now live peacefully.,You made the lake clean. Now you can live peacefully.
END_LINE_2,farewell.gd,26,20,0,,Thanks for playing!,[Tháñks fór pláyíñg!·ëxtràlón],Obrigado por jogar!,¡Gracias por jugar!,Danke fürs Spielen!,Merci d'avoir joué !,遊んでくれてありがとう！,感谢游玩！,플레이해 줘서 고마워요!,Thanks for playing!,Thanks for playing!,Thanks for playing!,Thanks for having played!,Thank you for playing!,Thanks for playing!,Thank you for playing!
END_BACK,farewell.gd,16,13,200,,Back to menu,[Báçk tó méñú·ëxtrà],Voltar ao menu,Volver al menú,Zum Menü,Retour au menu,タイトルへ戻る,返回菜单,메뉴로 돌아가기,Back to menu,Back to menu,To the menu,Back to menu,Return to title,Back to menu,Return to menu
MATERIAL_PLASTIC,trash_def.gd,18,8,82,"Painted on a small plank at each pier, in capitals. Shrinks a pixel at a time; keep it short.",Plastic,[Plástíç·ëxt],Plástico,Plástico,Plastik,Plastique,プラ,塑料,플라스틱,Plastic,Plastic,Plastic,Plastic,Plastic (short),Plastic,Plastic
MATERIAL_WOOD,trash_def.gd,18,8,82,"Painted on a small plank at each pier, in capitals. Shrinks a pixel at a time; keep it short.",Wood,[Wóód·ëx],Madeira,Madera,Holz,Bois,木材,木材,나무,Wood,Wood,Wood,Wood,Wood,Wood,Wood
MATERIAL_METAL,trash_def.gd,18,8,82,"Painted on a small plank at each pier, in capitals. Shrinks a pixel at a time; keep it short.",Metal,[Métál·ëx],Metal,Metal,Metall,Métal,金属,金属,금속,Metal,Metal,Metal,Metal,Metal,Metal,Metal
MATERIAL_RUBBER,trash_def.gd,18,8,82,"Painted on a small plank at each pier, in capitals. Shrinks a pixel at a time; keep it short.",Rubber,[Rúbbér·ëxt],Borracha,Goma,Gummi,Caoutch.,ゴム,橡胶,고무,Rubber,Rubber,Rubber,Rubb.,Rubber,Rubber,Rubber
TROPHY_FOUND,trophy.gd,20,13,500,,New decoration available to wash,[Ñéw déçórátíóñ áváíláblé tó wásh·ëxtràlóngëxtr],Nova decoração para lavar,Nueva decoración para lavar,Neue Deko zum Waschen bereit,Nouvelle déco à laver,洗えるインテリアを見つけた！,发现可清洗的新装饰！,씻을 수 있는 새 장식을 찾았어요!,New decoration to wash,New decoration to wash,New decor ready to wash,New decor to wash,Found an interior item you can wash!,Found a new decoration to wash!,Found a new decoration you can wash!
CREDITS_TITLE,credits_board.gd,16,13,0,,Credits,[Çrédíts·ëxt],Créditos,Créditos,Credits,Crédits,クレジット,制作人员,크레딧,Credits,Credits,Credits,Credits,Credits,Staff credits,Credits
CREDITS_HEAD_DESIGN,credits_board.gd,16,13,0,,Design and programming,[Désígñ áñd prógrámmíñg·ëxtràlóng],Design e programação,Diseño y programación,Design und Programmierung,Conception et programmation,デザイン・プログラム,设计与编程,디자인 및 프로그래밍,Design and programming,Design and programming,Design and programming,Design and programming,Design / program,Design and programming,Design and programming
CREDITS_HEAD_MUSIC,credits_board.gd,16,13,0,,Music and sound,[Músíç áñd sóúñd·ëxtràl],Música e som,Música y sonido,Musik und Sound,Musique et son,音楽・サウンド,音乐与音效,음악 및 사운드,Music and sound,Music and sound,Music and sound,Music and sound,Music / sound,Music and sound effects,Music and sound
CREDITS_HEAD_ART,credits_board.gd,16,13,0,,Art and Assets,[Árt áñd Ásséts·ëxtràl],Arte e recursos,Arte y recursos,Grafik und Assets,Graphismes et ressources,アート・素材,美术与素材,아트 및 에셋,Art and assets,Art and assets,Graphics and assets,Graphics and resources,Art / materials,Art and assets,Art and assets
CREDITS_HEAD_TOOLS,credits_board.gd,16,13,0,,Tools,[Tóóls·ëx],Ferramentas,Herramientas,Werkzeuge,Outils,ツール,工具,도구,Tools,Tools,Tools,Tools,Tools,Tools,Tools
CONSOLE_COUNT,console_shelf.gd,16,13,220,Found / total.,CONSOLES   %d / %d,[ÇÓÑSÓLÉS   %d / %d·ëxtràlón],CONSOLES   %d / %d,CONSOLAS   %d / %d,KONSOLEN   %d / %d,CONSOLES   %d / %d,ゲーム機   %d / %d,游戏机   %d / %d,게임기   %d / %d,CONSOLES   %d / %d,CONSOLES   %d / %d,CONSOLES   %d / %d,CONSOLES   %d / %d,Game consoles %d / %d,Game consoles %d / %d,Game consoles %d / %d
DECOR_SOFA,pieces.json,13,11,180,A piece of furniture the player finds.,Sofa,[Sófá·ëx],Sofá,Sofá,Sofa,Canapé,ソファ,沙发,소파,Sofa,Sofa,Sofa,Sofa,Sofa,Sofa,Sofa
DECOR_LOVESEAT,pieces.json,13,11,180,A piece of furniture the player finds.,Armchair,[Ármçháír·ëxtr],Poltrona,Sillón,Sessel,Fauteuil,ひじ掛けいす,扶手椅,안락의자,Armchair,Armchair,Armchair,Armchair,Armchair,Armchair,Easy chair
DECOR_DINING_CHAIR,pieces.json,13,11,180,A piece of furniture the player finds.,Dining chair,[Díñíñg çháír·ëxtrà],Cadeira de jantar,Silla de comedor,Esszimmerstuhl,Chaise,ダイニングチェア,餐椅,식탁 의자,Dining chair,Dining chair,Dining room chair,Chair,Dining chair,Dining chair,Dining table chair
DECOR_DRESSER,pieces.json,13,11,180,A piece of furniture the player finds.,Dresser,[Dréssér·ëxt],Cômoda,Cómoda,Kommode,Commode,たんす,五斗柜,서랍장,Dresser,Dresser,Dresser,Dresser,Chest of drawers,Chest of drawers,Chest of drawers
DECOR_NIGHTSTAND,pieces.json,13,11,180,A piece of furniture the player finds.,Nightstand,[Ñíghtstáñd·ëxtr],Criado-mudo,Mesita de noche,Nachttisch,Table de chevet,ナイトテーブル,床头柜,협탁,Nightstand,Nightstand,Nightstand,Bedside table,Night table,Bedside cabinet,Side table
DECOR_BOOKCASE_DRAWERS,pieces.json,13,11,180,A piece of furniture the player finds.,Bookcase,[Bóókçásé·ëxtr],Estante,Librero,Bücherregal,Bibliothèque,本棚,书柜,책장,Bookcase,Bookcase,Bookshelf,Bookcase,Bookshelf,Bookcase,Bookcase
DECOR_BOOKCASE_TALL,pieces.json,13,11,180,A piece of furniture the player finds.,Tall bookcase,[Táll bóókçásé·ëxtràl],Estante alta,Librero alto,Hohes Regal,Grande bibliothèque,背の高い本棚,高书柜,큰 책장,Tall bookcase,Tall bookcase,Tall shelf,Big bookcase,Tall bookshelf,Tall bookcase,Big bookcase
DECOR_BIG_TABLE,pieces.json,13,11,180,A piece of furniture the player finds.,Dining table,[Díñíñg táblé·ëxtrà],Mesa de jantar,Mesa de comedor,Esstisch,Table à manger,食卓,餐桌,식탁,Dining table,Dining table,Dining table,Dining table,Dining table,Dining table,Dining table
DECOR_SIDE_DESK,pieces.json,13,11,180,A piece of furniture the player finds.,Side desk,[Sídé désk·ëxtr],Escrivaninha,Escritorio,Beistelltisch,Petit bureau,小さな机,小书桌,작은 책상,Writing desk,Desk,Side table,Small desk,Small desk,Small desk,Small desk
DECOR_KITCHEN_COUNTER,pieces.json,13,11,180,A piece of furniture the player finds.,Kitchen counter,[Kítçhéñ çóúñtér·ëxtràl],Balcão de cozinha,Encimera,Küchenzeile,Plan de travail,キッチン台,厨房台面,주방 조리대,Kitchen counter,Countertop,Kitchen unit,Worktop,Kitchen counter,Kitchen countertop,Kitchen counter
DECOR_TOILET,pieces.json,13,11,180,A piece of furniture the player finds.,Toilet,[Tóílét·ëxt],Privada,Inodoro,Toilette,Toilettes,トイレ,马桶,변기,Toilet,Toilet,Toilet,Toilet,Toilet,Toilet,Toilet
DECOR_BIG_RUG,pieces.json,13,11,180,A piece of furniture the player finds.,Big rug,[Bíg rúg·ëxt],Tapete grande,Alfombra grande,Großer Teppich,Grand tapis,大きなラグ,大地毯,큰 러그,Big rug,Big rug,Big rug,Big rug,Big rug,Big carpet,Big rug
DECOR_OLD_RUG,pieces.json,13,11,180,A piece of furniture the player finds.,Runner rug,[Rúññér rúg·ëxtr],Passadeira,Alfombra larga,Läufer,Tapis de couloir,細長いラグ,长条地毯,긴 러그,Runner,Long rug,Runner,Hallway rug,Long thin rug,Long strip carpet,Long rug
DECOR_FIREPLACE,pieces.json,13,11,180,A piece of furniture the player finds.,Fireplace,[Fírépláçé·ëxtr],Lareira,Chimenea,Kamin,Cheminée,暖炉,壁炉,벽난로,Fireplace,Fireplace,Fireplace,Fireplace,Fireplace,Fireplace,Fireplace
DECOR_FRIDGE,pieces.json,13,11,180,A piece of furniture the player finds.,Fridge,[Frídgé·ëxt],Geladeira,Nevera,Kühlschrank,Frigo,冷蔵庫,冰箱,냉장고,Fridge,Fridge,Fridge,Fridge,Refrigerator,Refrigerator,Refrigerator
DECOR_PET_BED,pieces.json,13,11,180,A piece of furniture the player finds.,Pet bed,[Pét béd·ëxt],Caminha de pet,Cama de mascota,Hundebett,Panier,ペットベッド,宠物床,반려동물 침대,Pet bed,Pet bed,Dog bed,Basket,Pet bed,Pet bed,Pet bed
DECOR_BED,pieces.json,13,11,180,A piece of furniture the player finds.,Bed,[Béd·ëx],Cama,Cama,Bett,Lit,ベッド,床,침대,Bed,Bed,Bed,Bed,Bed,Bed,Bed
DECOR_LAMP,pieces.json,13,11,180,A piece of furniture the player finds.,Table lamp,[Táblé lámp·ëxtr],Abajur,Lámpara de mesa,Tischlampe,Lampe de table,卓上ランプ,台灯,탁상 램프,Table lamp,Table lamp,Table lamp,Table lamp,Desk lamp,Desk lamp,Desk lamp
DECOR_STANDING_LAMP,pieces.json,13,11,180,A piece of furniture the player finds.,Floor lamp,[Flóór lámp·ëxtr],Luminária de chão,Lámpara de pie,Stehlampe,Lampadaire,フロアランプ,落地灯,스탠드 조명,Floor lamp,Standing lamp,Floor lamp,Floor lamp,Floor lamp,Floor lamp,Standing light
DECOR_OLD_CLOCK,pieces.json,13,11,180,A piece of furniture the player finds.,Old clock,[Óld çlóçk·ëxtr],Relógio antigo,Reloj antiguo,Alte Uhr,Vieille horloge,古い時計,旧时钟,낡은 시계,Old clock,Old clock,Old clock,Old clock,Old clock,Old clock,Worn clock
DECOR_COAT_HANGER,pieces.json,13,11,180,A piece of furniture the player finds.,Coat hanger,[Çóát háñgér·ëxtrà],Cabideiro,Perchero,Garderobe,Portemanteau,コートかけ,衣帽架,옷걸이,Coat rack,Coat rack,Coat stand,Coat rack,Coat rack,Coat rack,Clothes hanger
DECOR_MIRROR,pieces.json,13,11,180,A piece of furniture the player finds.,Standing mirror,[Stáñdíñg mírrór·ëxtràl],Espelho de chão,Espejo de pie,Standspiegel,Psyché,姿見,穿衣镜,전신 거울,Floor mirror,Standing mirror,Standing mirror,Cheval mirror,Full-length mirror,Dressing mirror,Full-body mirror
DECOR_STOVE,pieces.json,13,11,180,A piece of furniture the player finds.,Stove,[Stóvé·ëx],Fogão,Cocina,Herd,Cuisinière,コンロ,炉灶,가스레인지,Stove,Stove,Stove,Cooker,Stove,Stove,Gas range
DECOR_VYNIL_PLAYER,pieces.json,13,11,180,A piece of furniture the player finds.,Record player,[Réçórd pláyér·ëxtràl],Toca-discos,Tocadiscos,Plattenspieler,Tourne-disque,レコードプレーヤー,唱片机,레코드플레이어,Record player,Record player,Record player,Record player,Record player,Record player,Record player
DECOR_BATH_SINK,pieces.json,13,11,180,A piece of furniture the player finds.,Bathroom sink,[Báthróóm síñk·ëxtràl],Pia de banheiro,Lavabo,Waschbecken,Lavabo,洗面台,洗手台,세면대,Bathroom sink,Washbasin,Washbasin,Washbasin,Washbasin,Washbasin,Washbasin
DECOR_BATHTUB,pieces.json,13,11,180,A piece of furniture the player finds.,Bathtub,[Báthtúb·ëxt],Banheira,Bañera,Badewanne,Baignoire,浴槽,浴缸,욕조,Bathtub,Bathtub,Bathtub,Bathtub,Bathtub,Bathtub,Bathtub
DECOR_IRON_BOARD,pieces.json,13,11,180,A piece of furniture the player finds.,Ironing board,[Íróñíñg bóárd·ëxtràl],Tábua de passar,Tabla de planchar,Bügelbrett,Planche à repasser,アイロン台,熨衣板,다림질판,Ironing board,Ironing board,Ironing board,Ironing board,Ironing board,Ironing board,Ironing board
DECOR_CENTER_TABLE,pieces.json,13,11,180,A piece of furniture the player finds.,Coffee table,[Çófféé táblé·ëxtrà],Mesa de centro,Mesa de centro,Couchtisch,Table basse,ローテーブル,茶几,커피 테이블,Coffee table,Coffee table,Coffee table,Low table,Low table,Coffee table,Coffee table
DECOR_GAME_TABLE,pieces.json,13,11,180,A piece of furniture the player finds.,Card table,[Çárd táblé·ëxtr],Mesa de jogos,Mesa de juego,Spieltisch,Table de jeu,カードテーブル,牌桌,카드 테이블,Game table,Game table,Game table,Game table,Card table,Card table,Card table
DECOR_TINY_BOOKCASE,pieces.json,13,11,180,A piece of furniture the player finds.,Small bookcase,[Smáll bóókçásé·ëxtràl],Estante pequena,Librero pequeño,Kleines Regal,Petite étagère,小さな本棚,小书柜,작은 책장,Small bookcase,Small bookcase,Small shelf,Small shelf,Small bookshelf,Small bookcase,Small bookcase
DECOR_OVAL_RUG,pieces.json,13,11,180,A piece of furniture the player finds.,Oval rug,[Óvál rúg·ëxtr],Tapete oval,Alfombra ovalada,Ovaler Teppich,Tapis ovale,楕円のラグ,椭圆地毯,타원형 러그,Oval rug,Oval rug,Oval rug,Oval rug,Oval rug,Oval carpet,Oval rug
DECOR_FLOWER_POT,pieces.json,13,11,180,A piece of furniture the player finds.,Flower pot,[Flówér pót·ëxtr],Vaso de flores,Maceta de flores,Blumentopf,Pot de fleurs,植木鉢,花盆,화분,Flower pot,Flower pot,Flower pot,Flower pot,Flower pot,Flower pot,Flower pot
DECOR_PLANT_POT,pieces.json,13,11,180,A piece of furniture the player finds.,Potted plant,[Póttéd pláñt·ëxtrà],Vaso de planta,Planta en maceta,Topfpflanze,Plante en pot,観葉植物,盆栽,관엽 식물,Plant pot,Potted plant,Potted plant,Potted plant,Foliage plant,Potted plant,Foliage plant
DECOR_PAINTING_A,pieces.json,13,11,180,A piece of furniture the player finds.,Painting,[Páíñtíñg·ëxtr],Quadro,Cuadro,Gemälde,Tableau,絵画,画作,그림,Painting,Painting,Painting,Painting,Painting,Painting,Painting
DECOR_PAINTING_B,pieces.json,13,11,180,A piece of furniture the player finds.,Landscape,[Láñdsçápé·ëxtr],Paisagem,Paisaje,Landschaft,Paysage,風景画,风景画,풍경화,Landscape,Landscape,Landscape,Landscape,Landscape painting,Landscape painting,Landscape painting
DECOR_CHEW_TOY,pieces.json,13,11,180,A piece of furniture the player finds.,Chew toy,[Çhéw tóy·ëxtr],Mordedor,Mordedor,Kauspielzeug,Jouet à mâcher,かむおもちゃ,磨牙玩具,개껌 장난감,Chewer,Chewer,Chew toy,Chew toy,Chewing toy,Teething toy,Dog chew toy
DECOR_GLOBE,pieces.json,13,11,180,A piece of furniture the player finds.,Globe,[Glóbé·ëx],Globo,Globo terráqueo,Globus,Globe,地球儀,地球仪,지구본,Globe,Globe,Globe,Globe,Globe,Globe,Globe
DECOR_RUG,pieces.json,13,11,180,A piece of furniture the player finds.,Rug,[Rúg·ëx],Tapete,Alfombra,Teppich,Tapis,ラグ,地毯,러그,Rug,Rug,Rug,Rug,Rug,Carpet,Rug
DECOR_AQUARIUM,pieces.json,13,11,180,A piece of furniture the player finds.,Aquarium,[Áqúáríúm·ëxtr],Aquário,Acuario,Aquarium,Aquarium,水そう,鱼缸,수족관,Aquarium,Aquarium,Aquarium,Aquarium,Fish tank,Fish tank,Aquarium
HUD_AVAILABLE,lake.gd,13,11,96,On the shed's copy of the upgrades button. %d is how many upgrades can be bought now.,%d available,[%d áváíláblé·ëxtrà],%d livres,%d listas,%d bereit,%d dispo,%d個 購入可,%d项可买,%d개 가능,%d free,%d ready,%d ready,%d available,%d purchasable,%d can buy,%d possible
STEPS_NOTE,first_steps.gd,10,10,0,"First-steps note on a small paper card beside the recycle box, after the first catch. Wraps to about three lines.",Objects caught go to the recycle box so boats can take them to piers for money,[Óbjéçts çáúght gó tó thé réçyçlé bóx só bóáts çáñ táké thém tó píérs fór móñéy·ëxtràlóngëxtràlóngëxtràlóngëxtrà],"Os objetos pescados vão para a caixa de reciclagem, e os barcos os levam aos píeres por dinheiro",Los objetos pescados van a la caja de reciclaje para que los barcos los lleven a los muelles por dinero,"Gefangene Objekte kommen in die Recyclingkiste, damit Boote sie für Geld zu den Stegen bringen","Les objets attrapés vont dans la caisse de recyclage, les bateaux les portent aux pontons contre de l'argent",取ったものはリサイクル箱へ。船が桟橋へ運んでお金にします,捞到的东西会放进回收箱，船只会把它们运到码头换钱,잡은 물건은 재활용 상자로 가요. 배가 부두로 옮겨 돈으로 바꿔요,"Caught objects go to the recycle box, and the boats take them to the piers for money",Caught objects go to the recycle box so the boats take them to the piers for money,Caught objects go into the recycling box so boats take them to the piers for money,"Caught objects go into the recycling crate, the boats carry them to the pontoons for money",Caught things go to the recycle box. Boats carry them to piers and make money,Caught items go into the recycle box; boats carry them to docks for money,Caught items go to the recycle box. Boats carry them to the pier to turn into money
TOUR_SKIP,tour_card.gd,10,10,80,"Tour card foot, left: ends the tour for good.",Skip,[Skíp·ëx],Pular,Saltar,Überspringen,Passer,スキップ,跳过,건너뛰기,Skip,Skip,Skip,Skip,Skip,Skip,Skip
TOUR_CONTINUE,tour_card.gd,10,10,100,"Tour card foot, right, beside a mouse-click or pad button icon: next card.",Continue,[Çóñtíñúé·ëxtr],Continuar,Seguir,Weiter,Suivant,次へ,继续,계속,Continue,Continue,Continue,Next,Next,Continue,Continue
TOUR_DECOR_HINT,lake.gd,10,10,0,"Tour hint pointing at the Decorate button after a decoration is caught. ""Decorate"" is HUD_DECORATE.",You caught a decoration! Open Decorate to see it.,[Yóú çáúght á déçórátíóñ! Ópéñ Déçóráté tó séé ít.·ëxtràlóngëxtràlóngëx],Você pescou uma decoração! Abra Decorar para ver.,¡Pescaste una decoración! Abre Decorar para verla.,"Du hast Deko gefangen! Öffne Einrichten, um sie zu sehen.",Tu as attrapé une déco ! Ouvre Décorer pour la voir.,インテリアを見つけた！「模様替え」を開いて見てみよう。,你捞到了装饰品！打开“装饰”看看吧。,장식을 잡았어요! 「꾸미기」를 열어 확인해요.,You caught a decoration! Open Decorate to see.,You caught a decoration! Open Decorate to see it.,You caught decor! Open Furnish to see it.,You caught a decoration! Open Decorate to see it.,"Found an interior item! Open ""Redecorate"" and look.","You caught a decoration! Open ""Decorate"" to take a look.","Caught a decoration! Open ""Decorate"" to check."
TOUR_DECOR_PLANK,lake.gd,10,10,0,Decoration tour card 1: points at the shelf's Wash button.,You need to wash objects before it is available for decoration.,[Yóú ñééd tó wásh óbjéçts béfóré ít ís áváíláblé fór déçórátíóñ.·ëxtràlóngëxtràlóngëxtràlón],Você precisa lavar os objetos antes de usá-los na decoração.,Tienes que lavar los objetos antes de usarlos para decorar.,"Du musst Objekte waschen, bevor du damit einrichten kannst.",Tu dois laver les objets avant de pouvoir décorer avec.,インテリアとして使うには、先に洗う必要があります。,物品要先清洗，才能用来装饰。,장식으로 쓰려면 먼저 씻어야 해요.,You need to wash objects before using them in decoration.,You have to wash objects before using them to decorate.,You must wash objects before you can furnish with them.,You must wash the objects before you can decorate with them.,"To use as interior, you need to wash it first.",Items must be washed first before they can decorate.,"To use as decoration, you must wash it first."
TOUR_DECOR_LIST,lake.gd,10,10,0,Decoration tour card 2: points at the list of finds waiting to be washed. Soap price range in dollars.,"Select the object to wash, it costs $5 to $15 depending on size.","[Séléçt thé óbjéçt tó wásh, ít çósts $5 tó $15 dépéñdíñg óñ sízé.·ëxtràlóngëxtràlóngëxtràlón]","Escolha o objeto para lavar; custa de $5 a $15, conforme o tamanho.",Elige el objeto a lavar; cuesta de $5 a $15 según el tamaño.,"Wähle das Objekt zum Waschen, es kostet je nach Größe $5 bis $15.","Choisis l'objet à laver, ça coûte de 5 $ à 15 $ selon la taille.",洗うものを選んでね。大きさで$5〜$15かかります。,选择要清洗的物品，根据大小花费$5到$15。,씻을 물건을 골라요. 크기에 따라 $5~$15가 들어요.,"Choose the object to wash; it costs $5 to $15, by size.",Choose the object to wash; costs $5 to $15 by size.,"Choose the object to wash, it costs $5 to $15 depending on size.","Choose the object to wash, it costs from $5 to $15 depending on size.",Choose what to wash. Costs $5-$15 by size.,Choose an item to wash; costs $5 to $15 depending on size.,Pick an item to wash. Costs $5-$15 by size.
TOUR_DECOR_STAND,lake.gd,10,10,0,"Decoration tour card 3, mouse: the wash stand.",Point and click to spray the object with water. It goes to decoration inventory when done.,[Póíñt áñd çlíçk tó spráy thé óbjéçt wíth wátér. Ít góés tó déçórátíóñ íñvéñtóry whéñ dóñé.·ëxtràlóngëxtràlóngëxtràlóngëxtràlóng],"Aponte e clique para jogar água no objeto. Quando terminar, ele vai para o inventário de decoração.","Apunta y haz clic para rociar el objeto con agua. Al terminar, pasa al inventario de decoración.","Zielen und klicken, um das Objekt mit Wasser abzuspritzen. Danach kommt es ins Deko-Inventar.","Vise et clique pour arroser l'objet. Une fois propre, il va dans l'inventaire de déco.",クリックで水をかけよう。きれいになるとインテリア一覧に入ります。,点击来喷水清洗物品，洗完后会放进装饰库存。,클릭해서 물을 뿌려요. 다 씻으면 장식 목록에 들어가요.,"Point and click to throw water on the object. When done, it goes to the decoration inventory.","Aim and click to spray the object with water. When done, it goes to the decoration inventory.",Aim and click to spray the object with water. Then it goes into the decor inventory.,"Aim and click to water the object. Once clean, it goes into the decor inventory.",Click to pour water. When clean it enters the interior list.,Click to spray the item with water; when done it goes to decoration inventory.,Click to spray water. When washed it goes in the decoration list.
TOUR_DECOR_STAND_PAD,lake.gd,10,10,0,"Decoration tour card 3, gamepad. %s is a gamepad button name (e.g. RT).",Aim and hold %s to spray the object with water. It goes to decoration inventory when done.,[Áím áñd hóld %s tó spráy thé óbjéçt wíth wátér. Ít góés tó déçórátíóñ íñvéñtóry whéñ dóñé.·ëxtràlóngëxtràlóngëxtràlóngëxtràlóng],"Mire e segure %s para jogar água no objeto. Quando terminar, ele vai para o inventário de decoração.","Apunta y mantén %s para rociar el objeto con agua. Al terminar, pasa al inventario de decoración.","Zielen und %s halten, um das Objekt abzuspritzen. Danach kommt es ins Deko-Inventar.","Vise et maintiens %s pour arroser l'objet. Une fois propre, il va dans l'inventaire de déco.",ねらって%sを長押しで水をかけよう。きれいになるとインテリア一覧に入ります。,瞄准并按住%s喷水清洗物品，洗完后会放进装饰库存。,조준하고 %s를 길게 눌러 물을 뿌려요. 다 씻으면 장식 목록에 들어가요.,"Aim and hold %s to throw water on the object. When done, it goes to the decoration inventory.","Aim and hold %s to spray the object with water. When done, it goes to the decoration inventory.",Aim and hold %s to spray the object. Then it goes into the decor inventory.,"Aim and hold %s to water the object. Once clean, it goes into the decor inventory.",Aim and hold %s to pour water. When clean it enters the interior list.,Aim and hold %s to spray water; when done it goes to decoration inventory.,Aim and long-press %s to spray water. When washed it goes in the decoration list.
TOUR_DECOR_SHELF,lake.gd,10,10,0,"Decoration tour card 4, mouse: the shelf. %s is a keyboard key name.",Select and drag the object to its position. Press %s to rotate or change style.,[Séléçt áñd drág thé óbjéçt tó íts pósítíóñ. Préss %s tó rótáté ór çháñgé stylé.·ëxtràlóngëxtràlóngëxtràlóngëxtrà],Selecione e arraste o objeto até o lugar. Aperte %s para girar ou mudar o estilo.,Selecciona y arrastra el objeto a su sitio. Pulsa %s para girarlo o cambiar el estilo.,Wähle das Objekt und zieh es an seinen Platz. Drück %s zum Drehen oder für einen anderen Stil.,Choisis l'objet et fais-le glisser à sa place. Appuie sur %s pour le tourner ou changer de style.,ドラッグして好きな場所に置こう。%sで向きやスタイルを変えられます。,选中并拖动物品到想要的位置。按%s旋转或更换样式。,드래그해서 원하는 곳에 놓아요. %s로 방향이나 스타일을 바꿔요.,Select and drag the object to the place. Press %s to rotate or change style.,Select and drag the object to its place. Press %s to rotate it or change the style.,Choose the object and drag it into place. Press %s to rotate or for another style.,Choose the object and drag it into place. Press %s to turn it or change style.,Drag to place anywhere you like. Change facing or style with %s.,Select and drag item to position. Press %s to rotate or change style.,Drag to put where you want. Change direction or style with %s.
TOUR_DECOR_SHELF_PAD,lake.gd,10,10,0,"Decoration tour card 4, gamepad. Both %s are gamepad button names, in order: pick up, then rotate.",Press %s to pick up and place an object. Press %s to rotate or change style.,[Préss %s tó píçk úp áñd pláçé áñ óbjéçt. Préss %s tó rótáté ór çháñgé stylé.·ëxtràlóngëxtràlóngëxtràlóngëxtr],Aperte %s para pegar e colocar um objeto. Aperte %s para girar ou mudar o estilo.,Pulsa %s para tomar y colocar un objeto. Pulsa %s para girarlo o cambiar el estilo.,"Drück %s, um ein Objekt aufzuheben und abzustellen. Drück %s zum Drehen oder für einen anderen Stil.",Appuie sur %s pour prendre et poser un objet. Appuie sur %s pour le tourner ou changer de style.,%sで持ち上げて置こう。%sで向きやスタイルを変えられます。,按%s拿起和放下物品。按%s旋转或更换样式。,%s로 들고 놓아요. %s로 방향이나 스타일을 바꿔요.,Press %s to pick up and place an object. Press %s to rotate or change style.,Press %s to pick up and place an object. Press %s to rotate it or change the style.,Press %s to pick up and put down an object. Press %s to rotate or for another style.,Press %s to take and place an object. Press %s to turn it or change style.,Lift and place with %s. Change facing or style with %s.,Press %s to pick up and place; press %s to rotate or change style.,Pick up and place with %s. Change direction or style with %s.
TOUR_DECOR_ROOM,lake.gd,10,10,0,Decoration tour card 5: the shed room.,You can interact with some objects. It shows when available.,[Yóú çáñ íñtéráçt wíth sómé óbjéçts. Ít shóws whéñ áváíláblé.·ëxtràlóngëxtràlóngëxtràl],Você pode interagir com alguns objetos. Aparece quando der.,Puedes interactuar con algunos objetos. Se indica cuando se puede.,"Mit manchen Objekten kannst du etwas machen. Es wird angezeigt, wenn es geht.",Tu peux interagir avec certains objets. C'est indiqué quand c'est possible.,使えるインテリアもあります。使えるときは表示が出ます。,有些物品可以互动，可用时会有提示。,상호작용할 수 있는 물건도 있어요. 가능할 때 표시가 나와요.,You can interact with some objects. It shows when possible.,You can interact with some objects. It is shown when possible.,You can do something with some objects. It is shown when possible.,You can interact with some objects. It is indicated when possible.,Some interior items can be used. A display appears when usable.,Some items can be interacted with; a prompt shows when available.,Some items can be interacted with. A sign shows when possible.
UI_CLOSE,close_button.gd,13,11,0,Tooltip on every board's close cross.,Close,[Çlósé·ëx],Fechar,Cerrar,Schließen,Fermer,閉じる,关闭,닫기,Close,Close,Close,Close,Close,Close,Close
SETTINGS_WIPE,settings_skin.gd,16,13,380,A button that throws the lake away. Hidden in this build.,Start the lake over,[Stárt thé láké óvér·ëxtràlón],Recomeçar o lago,Reiniciar el lago,See neu beginnen,Recommencer le lac,湖を最初からやり直す,重新开始这个湖,호수 처음부터 다시,Restart the lake,Restart the lake,Begin lake anew,Restart the lake,Redo the lake from the start,Restart this lake,Lake again from the start
TOUR_SHOP_NET,shop_skin.gd,10,10,0,"Shop tour card 1, pointing at the net's board. Wraps.","Your net can be upgraded to catch more objects, higher tiers and for faster cast and reel.","[Yóúr ñét çáñ bé úpgrádéd tó çátçh móré óbjéçts, híghér tíérs áñd fór fástér çást áñd réél.·ëxtràlóngëxtràlóngëxtràlóngëxtràlóng]","Sua rede pode ser melhorada para pegar mais objetos, níveis mais altos e lançar e recolher mais rápido.","Tu red se puede mejorar para atrapar más objetos, niveles más altos y lanzar y retomar más rápido.","Dein Netz lässt sich verbessern: mehr Objekte, höhere Stufen, schnelleres Werfen und Einholen.","Ton filet peut être amélioré pour attraper plus d'objets, des catégories plus lourdes, et lancer et ramener plus vite.",網を強化すると、もっと多く、重いものを取れて、投げるのも巻くのも速くなります。,渔网可以升级，捞到更多、更重的物品，撒网和收网也更快。,"그물을 업그레이드하면 더 많이, 더 무거운 것을 잡고 던지기와 감기도 빨라져요.","Your net can be improved to catch more objects, higher levels, and throw and pull back faster.","Your net can be improved to catch more objects, higher levels, and throw and reel faster.","Your net can be improved: more objects, higher tiers, faster throwing and hauling in.","Your net can be improved to catch more objects, heavier categories, and throw and bring back faster.","Upgrading the net lets you take more and heavier things, and throwing and reeling get faster.","The net can be upgraded to catch more and heavier items, and cast and reel faster.","Upgrading the net catches more and heavier things, and throwing and reeling get faster."
TOUR_SHOP_ON_CAST,shop_skin.gd,10,10,0,"Shop tour card 2, pointing at the luck board's ""On a cast"" rows. Wraps.",You can also increase your net luck and double cast chance.,[Yóú çáñ álsó íñçréásé yóúr ñét lúçk áñd dóúblé çást çháñçé.·ëxtràlóngëxtràlóngëxtràl],Você também pode aumentar a sorte da rede e a chance de lançamento duplo.,También puedes aumentar la suerte de tu red y la probabilidad de lanzamiento doble.,Du kannst auch dein Netzglück und die Chance auf einen Doppelwurf erhöhen.,Tu peux aussi augmenter la chance de ton filet et celle d'un double lancer.,網の運とダブル投げの確率も上げられます。,还可以提高渔网运气和双网几率。,그물 행운과 이중 투척 확률도 올릴 수 있어요.,You can also increase the net luck and the double throw chance.,You can also increase your net luck and the double throw chance.,You can also raise your net luck and the chance of a double throw.,You can also increase your net's luck and that of a double throw.,You can also raise net luck and double throw chance.,You can also raise net luck and double-net chance.,You can also raise net luck and double throw chance.
TOUR_SHOP_BOATS,shop_skin.gd,10,10,0,"Shop tour card 3, pointing at the boats' board. Wraps.","Boats are essential for money making, make sure to keep them upgraded.","[Bóáts áré ésséñtíál fór móñéy mákíñg, máké súré tó kéép thém úpgrádéd.·ëxtràlóngëxtràlóngëxtràlóngë]","Os barcos são essenciais para ganhar dinheiro, mantenha-os sempre melhorados.","Los barcos son clave para ganar dinero, mantenlos siempre mejorados.","Boote sind wichtig fürs Geldverdienen, halte sie immer gut verbessert.","Les bateaux sont essentiels pour gagner de l'argent, pense à les améliorer.",船はお金かせぎのかなめ。こまめに強化しよう。,船只是赚钱的关键，记得经常升级。,배는 돈벌이의 핵심이에요. 꾸준히 업그레이드해요.,"Boats are essential to earn money, keep them always improved.","Boats are key to earn money, keep them always improved.","Boats are important for earning money, always keep them well improved.","Boats are essential to earn money, remember to improve them.",Boats are key to earning money. Upgrade often.,Boats are key to making money; remember to upgrade often.,Boats are the core of earning. Upgrade steadily.
TOUR_SHOP_DOGS,shop_skin.gd,10,10,0,"Shop tour card 4, pointing at the dogs' board. Wraps.",Dogs will help bring objects to the recycle box.,[Dógs wíll hélp bríñg óbjéçts tó thé réçyçlé bóx.·ëxtràlóngëxtràlóngëx],Os cães ajudam a levar objetos para a caixa de reciclagem.,Los perros ayudan a llevar objetos a la caja de reciclaje.,"Hunde helfen, Objekte zur Recyclingkiste zu bringen.",Les chiens aident à apporter les objets à la caisse de recyclage.,犬がリサイクル箱までものを運ぶのを手伝ってくれます。,狗狗会帮忙把物品叼到回收箱。,강아지가 재활용 상자까지 물건을 날라 줘요.,Dogs help take objects to the recycle box.,Dogs help carry objects to the recycle box.,Dogs help bring objects to the recycling box.,The dogs help bring objects to the recycling crate.,Dogs help carry things to the recycle box.,Dogs help carry items to the recycle box.,Dogs carry items to the recycle box for you.
TOUR_SHOP_AT_YARDS,shop_skin.gd,10,10,0,"Shop tour card 5, pointing at the luck board's ""At the yards"" rows. Wraps.","You can make more money by giving a bonus to recycling, and catching pigeons earn more.","[Yóú çáñ máké móré móñéy by gívíñg á bóñús tó réçyçlíñg, áñd çátçhíñg pígéóñs éárñ móré.·ëxtràlóngëxtràlóngëxtràlóngëxtràlón]","Você ganha mais dinheiro dando bônus à reciclagem, e pegar pombos rende mais.","Puedes ganar más dinero con un bono de reciclaje, y atrapar palomas da más.","Mit einem Recyclingbonus verdienst du mehr, und gefangene Tauben bringen mehr ein.","Tu gagnes plus avec un bonus de recyclage, et les pigeons attrapés rapportent plus.",回収所にボーナスをつけるともっとかせげます。ハトを捕まえるのももうかります。,给回收加上奖励能赚更多钱，捉鸽子也能多赚。,수거장에 보너스를 주면 더 벌어요. 비둘기를 잡아도 더 벌어요.,"You earn more money giving a bonus to recycling, and catching pigeons yields more.","You can earn more money with a recycling bonus, and catching pigeons gives more.","With a recycling bonus you earn more, and caught pigeons bring in more.","You earn more with a recycling bonus, and caught pigeons earn more.",Adding a bonus to collection sites earns more. Catching pigeons also profits.,Add a recycling bonus to earn more; catching pigeons earns more too.,Giving a bonus to yards earns more. Catching pigeons earns more too.
TOUR_SHOP_LEGEND,shop_skin.gd,10,10,0,"Shop tour card 6, pointing at the pricing plate under the boards. Wraps.","You can check the materials average price here, and which recycle has a bonus.","[Yóú çáñ çhéçk thé mátéríáls ávérágé príçé héré, áñd whíçh réçyçlé hás á bóñús.·ëxtràlóngëxtràlóngëxtràlóngëxtrà]",Aqui você vê o preço médio dos materiais e qual reciclagem tem bônus.,Aquí puedes ver el precio medio de los materiales y qué reciclaje tiene bono.,Hier siehst du den Durchschnittspreis der Materialien und welcher Hof einen Bonus hat.,"Ici, tu vois le prix moyen des matériaux et quel dépôt a un bonus.",ここで素材の平均価格と、ボーナスのある回収所を確認できます。,这里可以查看各材料的平均价格，以及哪个回收站有奖励。,여기서 재료의 평균 가격과 보너스가 있는 수거장을 확인해요.,Here you see the average price of materials and which recycling has a bonus.,Here you can see the average price of materials and which recycling has a bonus.,Here you see the materials' average price and which yard has a bonus.,Here you see the average price of materials and which depot has a bonus.,Here you can check average material prices and which site has a bonus.,Here you can see materials average price and which station has a bonus.,Here you check material average price and which yard has a bonus.
LETTER_WELCOME_TITLE,letter.gd,20,16,300,The plank over the first card of the instructions.,Welcome,[Wélçómé·ëxt],Boas-vindas,Bienvenida,Willkommen,Bienvenue,ようこそ,欢迎,환영해요,Welcome,Welcome,Welcome,Welcome,Welcome,Welcome,Welcome
LETTER_GREETING_LEAD,letter.gd,16,11,0,"First card, one line with LETTER_GAME_NAME drawn right after it (keep the trailing space). The lead and the name share a line of about 678 px.","Congratulations, you are the new owner of ","[Çóñgrátúlátíóñs, yóú áré thé ñéw ówñér óf ·ëxtràlóngëxtràlón]","Parabéns, você é o novo dono de ","Felicidades, eres el nuevo dueño de ","Glückwunsch, du bist der neue Besitzer von ","Félicitations, tu es le nouveau propriétaire de ",おめでとう！この湖の新しい持ち主はあなたです ,恭喜你成为这片湖的新主人 ,축하해요! 이 호수의 새 주인이 되었어요 ,"Congratulations, you are the new owner of ","Congratulations, you are the new owner of ","Congratulations, you are the new owner of ","Congratulations, you are the new owner of ",Congratulations! The new owner of this lake is you ,Congratulations on becoming the new owner of this lake ,Congratulations! You became the new owner of this lake 
LETTER_GAME_NAME,letter.gd,20,13,0,"The game's name, a size up after LETTER_GREETING_LEAD. Do not translate.",My Dirty Little Lake.,[My Dírty Líttlé Láké.·ëxtràlóng],My Dirty Little Lake.,My Dirty Little Lake.,My Dirty Little Lake.,My Dirty Little Lake.,My Dirty Little Lake.,My Dirty Little Lake.,My Dirty Little Lake.,My Dirty Little Lake.,My Dirty Little Lake.,My Dirty Little Lake.,My Dirty Little Lake.,My Dirty Little Lake. (untranslated),My Dirty Little Lake. (untranslated),My Dirty Little Lake. (untranslated)
LETTER_WELCOME_TEXT,letter.gd,16,11,0,"Three paragraphs, one per line break; keep the line breaks. Words between *asterisks* are drawn in red: keep the asterisks round the matching words. Wraps.","It has been abandoned and neglected for too long.
Your goal is to *catch objects with your net, recycle and bring life back to the lake.*
The following instructions will *teach you how it works.*","[Ít hás bééñ ábáñdóñéd áñd ñégléçtéd fór tóó lóñg.
Yóúr góál ís tó *çátçh óbjéçts wíth yóúr ñét, réçyçlé áñd bríñg lífé báçk tó thé láké.*
Thé fóllówíñg íñstrúçtíóñs wíll *téáçh yóú hów ít wórks.*·ëxtràlóngëxtràlóngëxtràlóngëxtràlóngëxtràlóngëxtràlóngëxtràlóngëxtràlóngëxtràl]","Ele foi abandonado e esquecido por tempo demais.
Seu objetivo é *pescar objetos com a rede, reciclar e trazer a vida de volta ao lago.*
As instruções a seguir vão *te ensinar como funciona.*","Ha estado abandonado y descuidado demasiado tiempo.
Tu objetivo es *pescar objetos con tu red, reciclar y devolverle la vida al lago.*
Las siguientes instrucciones te *enseñarán cómo funciona.*","Er war viel zu lange verlassen und vernachlässigt.
Dein Ziel: *mit dem Netz Objekte fangen, recyceln und den See wieder zum Leben erwecken.*
Die folgenden Seiten *zeigen dir, wie es geht.*","Il a été abandonné et négligé trop longtemps.
Ton but : *attraper des objets avec ton filet, les recycler et rendre la vie au lac.*
Les instructions suivantes vont *t'apprendre comment faire.*","長いあいだ放っておかれて、荒れてしまいました。
あなたの目標は*網でものを取り、リサイクルして、湖に命を取りもどすこと。*
この先の説明で*遊び方を教えます。*","这片湖被遗弃、荒废了太久。
你的目标是*用网捞起物品、回收利用，让湖泊重获生机。*
接下来的说明会*教你怎么玩。*","너무 오랫동안 버려지고 방치됐어요.
목표는 *그물로 물건을 잡고, 재활용해서 호수에 생명을 되찾는 것.*
다음 안내가 *방법을 알려 줄 거예요.*","It was abandoned and forgotten for too long.
Your goal is to *fish objects with the net, recycle and bring life back to the lake.*
The following instructions will *teach you how it works.*","It has been abandoned and neglected too long.
Your goal is to *fish objects with your net, recycle and give life back to the lake.*
The following instructions will *teach you how it works.*","It was abandoned and neglected for far too long.
Your goal: *catch objects with the net, recycle and bring the lake back to life.*
The following pages *show you how it works.*","It was abandoned and neglected too long.
Your goal: *catch objects with your net, recycle them and give life back to the lake.*
The following instructions will *teach you how to do it.*","It was left alone for a long time and became ruined.
Your goal is *to take things with the net, recycle, and bring life back to the lake.*
The following explanation *teaches how to play.*","This lake was abandoned and neglected too long.
Your goal is *to catch items with the net, recycle, and bring the lake back to life.*
The following instructions will *teach you how to play.*","It was abandoned and neglected too long.
The goal is *catching items with the net, recycling, and getting life back to the lake.*
The next guide *will tell you how.*"
LETTER_NET_TEXT,letter.gd,16,11,0,"Two paragraphs, one per line break; keep it. *Asterisks* mark words drawn in red. The circles are the aim ring pictured below.","*Left click* to cast your net and catch objects floating.
The *circles below* indicate how your cast will go.","[*Léft çlíçk* tó çást yóúr ñét áñd çátçh óbjéçts flóátíñg.
Thé *çírçlés bélów* íñdíçáté hów yóúr çást wíll gó.·ëxtràlóngëxtràlóngëxtràlóngëxtràlóngëxtràlón]","*Clique esquerdo* para lançar a rede e pegar objetos boiando.
Os *círculos abaixo* mostram como vai ser o lançamento.","*Clic izquierdo* para lanzar la red y atrapar objetos flotantes.
Los *círculos de abajo* indican cómo será tu lanzamiento.","*Linksklick*, um dein Netz auszuwerfen und treibende Objekte zu fangen.
Die *Kreise unten* zeigen, wie dein Wurf ausgeht.","*Clic gauche* pour lancer ton filet et attraper les objets qui flottent.
Les *cercles ci-dessous* montrent comment ton lancer va se passer.","*左クリック*で網を投げて、浮いているものを取ろう。
*下の円*は投げた結果の目安です。","*左键点击*撒网，捞起漂浮的物品。
*下方的圆圈*显示这一网的结果。","*왼쪽 클릭*으로 그물을 던져 떠 있는 물건을 잡아요.
*아래 원*은 던진 결과를 알려 줘요.","*Left click* to throw the net and catch floating objects.
The *circles below* show how the throw will be.","*Left click* to throw the net and catch floating objects.
The *circles below* indicate how your throw will be.","*Left click* to cast your net and catch floating objects.
The *circles below* show how your throw turns out.","*Left click* to cast your net and catch the floating objects.
The *circles below* show how your throw will go.","Throw the net with *left click* and take floating things.
The *circles below* are a guide to the throw result.","*Left click* to cast the net and fish up floating items.
The *circles below* show the result of this cast.","Throw the net with *left click* and catch floating items.
The *circles below* tell the throw result."
LETTER_UPGRADES_NET,letter.gd,11,11,0,"Blurb under the NET shop board's picture, wrapped to 3 short rows. *Asterisks* mark red words.",Upgrade your net to *catch further and more* objects.,[Úpgrádé yóúr ñét tó *çátçh fúrthér áñd móré* óbjéçts.·ëxtràlóngëxtràlóngëxtr],Melhore a rede para *pegar mais longe e mais* objetos.,Mejora tu red para *atrapar más lejos y más* objetos.,"Verbessere dein Netz, um *weiter und mehr* Objekte zu fangen.",Améliore ton filet pour attraper *plus loin et plus* d'objets.,網を強化して*もっと遠く、もっと多く*取ろう。,升级渔网，*捞得更远、更多*。,"그물을 업그레이드해서 *더 멀리, 더 많이* 잡아요.",Improve the net to *catch farther and more* objects.,Improve your net to *catch farther and more* objects.,Improve your net to catch objects *further and more*.,Improve your net to catch *further and more* objects.,Upgrade the net and take *farther and more*.,Upgrade the net to *catch farther and more*.,"Upgrade the net and catch *farther, more*."
LETTER_UPGRADES_BOATS,letter.gd,11,11,0,"Blurb under the BOATS shop board's picture, wrapped to 3 short rows. *Asterisks* mark red words.",Boats *sell objects to make money*.,[Bóáts *séll óbjéçts tó máké móñéy*.·ëxtràlóngëxtrà],Os barcos *vendem objetos por dinheiro*.,Los barcos *venden objetos para ganar dinero*.,Boote *verkaufen Objekte für Geld*.,Les bateaux *vendent les objets contre de l'argent*.,船は*ものを売ってお金にします*。,船只*卖掉物品来赚钱*。,배는 *물건을 팔아 돈을 벌어요*.,Boats *sell objects for money*.,Boats *sell objects to earn money*.,Boats *sell objects for money*.,Boats *sell the objects for money*.,Boats *sell things and make money*.,Boats *sell items to earn money*.,Boats *sell items and earn money*.
LETTER_UPGRADES_DOGS,letter.gd,11,11,0,"Blurb under the DOGS shop board's picture, wrapped to 3 short rows. *Asterisks* mark red words.",Dogs help you *clean the lake*.,[Dógs hélp yóú *çléáñ thé láké*.·ëxtràlóngëxtr],Os cães ajudam a *limpar o lago*.,Los perros te ayudan a *limpiar el lago*.,"Hunde helfen dir, *den See zu säubern*.",Les chiens t'aident à *nettoyer le lac*.,犬は*湖のそうじ*を手伝います。,狗狗帮你*清理湖泊*。,강아지는 *호수 청소*를 도와줘요.,Dogs help *clean the lake*.,Dogs help you *clean the lake*.,Dogs help you *clean the lake*.,The dogs help you *clean the lake*.,Dogs help with *cleaning the lake*.,Dogs help you *clean the lake*.,Dogs help with *lake cleaning*.
LETTER_WEIGHT_TEXT,letter.gd,16,11,0,"Two paragraphs, one per line break; keep it. *Asterisks* mark red words. Strength is the shop upgrade's name.","Objects have *5 weight tiers*.
Upgrading Strength *catches more objects and cleans faster*.","[Óbjéçts hávé *5 wéíght tíérs*.
Úpgrádíñg Stréñgth *çátçhés móré óbjéçts áñd çléáñs fástér*.·ëxtràlóngëxtràlóngëxtràlóngëxtràlóngë]","Os objetos têm *5 níveis de peso*.
Melhorar a Força *pega mais objetos e limpa mais rápido*.","Los objetos tienen *5 niveles de peso*.
Mejorar la Fuerza *atrapa más objetos y limpia más rápido*.","Objekte haben *5 Gewichtsstufen*.
Mehr Stärke *fängt mehr Objekte und säubert schneller*.","Les objets ont *5 catégories de poids*.
Améliorer la Force *attrape plus d'objets et nettoie plus vite*.","ものには*5つの重さランク*があります。
パワーを強化すると*多く取れて、そうじが速くなります*。","物品分为*5个重量等级*。
升级力量可以*捞到更多物品，清理得更快*。","물건에는 *5개의 무게 등급*이 있어요.
힘을 업그레이드하면 *더 많이 잡고 더 빨리 청소해요*.","Objects have *5 weight levels*.
Improving Strength *catches more objects and cleans faster*.","Objects have *5 weight levels*.
Improving Strength *catches more objects and cleans faster*.","Objects have *5 weight tiers*.
More Strength *catches more objects and cleans faster*.","Objects have *5 weight categories*.
Improving Strength *catches more objects and cleans faster*.","Things have *5 weight ranks*.
Upgrading Power *lets you take more and cleaning gets faster*.","Items come in *5 weight tiers*.
Upgrading strength *catches more items and cleans faster*.","Items have *5 weight tiers*.
Upgrading strength *catches more and cleans faster*."
CREDITS_GODOT,credits_board.gd,13,11,0,Under the Tools heading. Godot Engine is a name.,Made with Godot Engine,[Mádé wíth Gódót Éñgíñé·ëxtràlóng],Feito com Godot Engine,Hecho con Godot Engine,Gemacht mit Godot Engine,Réalisé avec Godot Engine,Godot Engineで制作,使用 Godot Engine 制作,Godot Engine으로 제작,Made with Godot Engine,Made with Godot Engine,Made with Godot Engine,Made with Godot Engine,Made with Godot Engine,Made using Godot Engine,Made with Godot Engine
END_ONWARD_HINT,farewell.gd,16,13,0,Unused while the siege is set aside: a hint that another level follows.,Something is stirring in the water.,[Sóméthíñg ís stírríñg íñ thé wátér.·ëxtràlóngëxtrà],Algo se mexe na água.,Algo se agita en el agua.,Etwas regt sich im Wasser.,Quelque chose remue dans l'eau.,水の中で何かが動いている…,水里有什么在动……,물속에서 무언가 움직이고 있어요.,Something moves in the water.,Something stirs in the water.,Something stirs in the water.,Something is moving in the water.,Something is moving in the water...,Something is moving in the water...,Something is moving in the water.
END_ONWARD,farewell.gd,16,13,200,Unused while the siege is set aside: the door on to the next level.,Face it,[Fáçé ít·ëxt],Encarar,Enfrentarlo,Stell dich,Affronte-le,立ち向かう,迎战,맞서기,Face it,Face it,Face it,Face it,Face it,Face the battle,Confront
WASH_TITLE_N,wash_room.gd,16,13,220,The wash room tray's plank; %d is how many finds wait. Two spaces before it.,To wash  %d,[Tó wásh  %d·ëxtrà],Para lavar  %d,Por lavar  %d,Zu waschen  %d,À laver  %d,洗うもの  %d,待清洗  %d,씻을 것  %d,To wash  %d,To wash  %d,To wash  %d,To wash  %d,Things to wash %d,To be washed %d,Things to wash %d
WASH_FREE,wash_room.gd,16,13,60,Price of a wash when it costs nothing (the first bed).,Free,[Fréé·ëx],Grátis,Gratis,Gratis,Gratuit,無料,免费,무료,Free,Free,Free,Free,Free of charge,Free,Free
WASH_SOAP,wash_room.gd,11,11,120,Small line under a find's name in the wash tray: what the price is for.,soap,[sóáp·ëx],sabão,jabón,Seife,savon,せっけん代,肥皂费,비누 값,soap,soap,soap,soap,Soap cost,Soap fee,Soap price
WASH_WASHING,wash_room.gd,11,11,120,Small line under the find now on the washing stand.,washing,[wáshíñg·ëxt],lavando,lavando,wird gewaschen,lavage,洗っています,清洗中,씻는 중,washing,washing,being washed,washing,Washing,Washing in progress,Washing
WILDLIFE_BACK,moment_card.gd,20,16,1190,"The card over the first animal of the run coming back, once a save. One line, low on the screen.","Wildlife is coming back, great news!","[Wíldlífé ís çómíñg báçk, gréát ñéws!·ëxtràlóngëxtràl]","A vida selvagem está voltando, ótima notícia!","¡La fauna está volviendo, qué buena noticia!","Die Tierwelt kehrt zurück, tolle Neuigkeiten!","La faune revient, excellente nouvelle !",野生の生き物が戻ってきた！うれしい知らせ！,野生动物回来了，好消息！,"야생 동물이 돌아오고 있어요, 좋은 소식이에요!","Wildlife is coming back, great news!","Wildlife is coming back, what good news!","The wildlife is coming back, great news!","Wildlife is coming back, excellent news!",Wild creatures have come back! Happy news!,"Wildlife has come back, good news!","Wildlife is coming back, it is good news!"
RECORD_SONG,record_menu.gd,13,11,130,Column head over the song names on the record player's menu.,Song,[Sóñg·ëx],Música,Canción,Lied,Titre,曲,歌曲,곡,Song,Song,Song,Title,Song,Song,Song
RECORD_LAKE,record_menu.gd,13,11,60,Column head: the songs ticked here play out on the lake.,Lake,[Láké·ëx],Lago,Lago,See,Lac,湖,湖,호수,Lake,Lake,Lake,Lake,Lake,Lake,Lake
RECORD_SHED,record_menu.gd,13,11,60,Column head: the songs ticked here play in the shed.,Shed,[Shéd·ëx],Galpão,Cobertizo,Schuppen,Cabane,小屋,小屋,창고,Shed,Shed,Shed,Shed,Hut,Hut,Shed
RECORD_NOW,record_menu.gd,11,11,170,"Small label over the song playing now, under the record.",Now playing,[Ñów pláyíñg·ëxtrà],Tocando agora,Sonando ahora,Läuft gerade,En cours,再生中,正在播放,재생 중,Playing now,Playing now,Playing right now,Playing,Playing,Now playing,Playing
RECORD_SYNC,record_menu.gd,13,11,70,Switch: lake and shed play the same song at once.,Sync,[Syñç·ëx],Sincr.,Sincr.,Sync,Synchro,同期,同步,동기화,Sync,Sync,Sync,Sync,Sync,Sync,Sync
